Aanleg (Uitvoeren werk of werkzaamheid),Bouw,Brandveilig gebruik (vergunning),Gebiedsbescherming,Handelen in strijd met regels RO,Inrit/Uitweg,Kap,Milieu (neutraal wijziging),Milieu (omgevingsvergunning beperkte milieutoets),Milieu (vergunning),Monument,Reclame,Responsible_actor,SUMleges,Sloop,prefix_1,prefix_2,prefix_3,prefix_4,prefix_5,prefix_6,prefix_7,prefix_8,prefix_9,prefix_10,prefix_11,prefix_12,prefix_13,prefix_14,prefix_15,prefix_16,prefix_17,prefix_18,prefix_19,prefix_20,prefix_21,prefix_22,prefix_23,prefix_24,prefix_25,prefix_26,prefix_27,prefix_28,prefix_29,prefix_30,prefix_31,prefix_32,prefix_33,prefix_34,prefix_35,prefix_36,prefix_37,desired_cfs,idx,test_id,dataset,black_box
0.0,1.0,0.0,0.0,0.0,0.0,0.0,0.0,0.0,0.0,0.0,0.0,560894.0,132.0475227789528,0.0,05eind020,01hoofd010,01hoofd015,0,0,0,0,0,0,0,0,0,0,0,0,0,0,0,0,0,0,0,0,0,0,0,0,0,0,0,0,0,0,0,0,0,0,5.0,1,0,BPIC15_1_f2,randomForestClassifier
0.0,1.0,0.0,0.0,0.0,0.0,0.0,0.0,0.0,0.0,0.0,0.0,560912.0,-1.5726362324942174e-06,0.0,01hoofd010,01hoofd0302,01hoofd015,01hoofd020,01hoofd0301,01hoofd040,01hoofd060,01hoofd100,0,0,0,0,0,0,0,0,0,0,0,0,0,0,0,0,0,0,0,0,0,0,0,0,0,0,0,0,0,5.0,1,1,BPIC15_1_f2,randomForestClassifier
0.0,1.0,0.0,0.0,0.0,0.0,0.0,0.0,0.0,0.0,0.0,0.0,4901428.0,154.60619899285714,0.0,01hoofd010,01hoofd011,01hoofd020,0,0,0,0,01hoofd0301,01hoofd015,01hoofd101,0,01hoofd180,0,08awb45010,0,0,0,08awb450202,08awb45030,08awb45040,0,0,0,0,0,0,0,0,0,0,0,0,0,0,0,0,0,5.0,1,2,BPIC15_1_f2,randomForestClassifier
0.0,1.0,0.0,0.0,0.0,0.0,0.0,0.0,0.0,0.0,0.0,0.0,4901428.0,488.72925606419943,0.0,01hoofd010,01hoofd011,01hoofd020,0,0,0,0,01hoofd0301,01hoofd015,01hoofd101,0,0,01hoofd180,0,08awb45010,0,08awb450201,0,08awb450202,08awb45030,08awb45040,0,0,0,0,0,0,0,0,0,0,0,0,0,0,0,0,5.0,1,3,BPIC15_1_f2,randomForestClassifier
0.0,1.0,0.0,0.0,0.0,0.0,0.0,0.0,0.0,0.0,0.0,0.0,4901428.0,3822.254643194613,0.0,01hoofd010,01hoofd011,01hoofd020,0,0,0,0,0,0,01hoofd061,01hoofd015,01hoofd101,01hoofd0301,0,0,08awb45010,0,08awb450201,0,08awb450202,08awb45030,08awb45040,0,0,0,0,0,0,0,0,0,0,0,0,0,0,0,5.0,1,4,BPIC15_1_f2,randomForestClassifier
0.0,1.0,0.0,0.0,0.0,0.0,0.0,0.0,0.0,0.0,0.0,0.0,560894.0,132.0475227789528,0.0,05eind020,01hoofd010,01hoofd015,0,0,0,0,0,0,0,0,0,0,0,0,0,0,0,0,0,0,0,0,0,0,0,0,0,0,0,0,0,0,0,0,0,0,10.0,1,5,BPIC15_1_f2,randomForestClassifier
0.0,1.0,0.0,0.0,0.0,0.0,0.0,0.0,0.0,0.0,1.0,0.0,560894.0,-1.5726362324942174e-06,0.0,0,0,0,0,0,0,0,0,0,0,0,0,0,0,0,0,0,0,0,0,0,0,0,0,0,0,0,0,0,0,0,0,0,0,0,0,0,10.0,1,6,BPIC15_1_f2,randomForestClassifier
0.0,1.0,0.0,0.0,0.0,0.0,0.0,0.0,0.0,1.0,0.0,0.0,4901428.0,10440.850429057436,0.0,01hoofd010,01hoofd011,05eind010,01hoofd015,01hoofd020,01hoofd0302,01hoofd0301,02drz010,0,0,0,0,0,0,0,0,0,0,0,0,0,0,0,0,0,0,0,0,0,0,0,0,0,0,0,0,0,10.0,1,7,BPIC15_1_f2,randomForestClassifier
0.0,1.0,0.0,0.0,0.0,0.0,0.0,0.0,0.0,0.0,0.0,0.0,560912.0,-1.5726362324942174e-06,0.0,01hoofd010,01hoofd0302,01hoofd015,01hoofd020,01hoofd0301,01hoofd040,01hoofd060,01hoofd100,0,0,0,0,0,0,0,0,0,0,0,0,0,0,0,0,0,0,0,0,0,0,0,0,0,0,0,0,0,10.0,1,8,BPIC15_1_f2,randomForestClassifier
0.0,1.0,0.0,0.0,0.0,0.0,0.0,0.0,0.0,0.0,0.0,0.0,4901428.0,154.60619899285714,0.0,01hoofd010,01hoofd011,01hoofd020,0,0,0,0,01hoofd0301,01hoofd015,01hoofd101,0,01hoofd180,0,08awb45010,0,0,0,08awb450202,08awb45030,08awb45040,0,0,0,0,0,0,0,0,0,0,0,0,0,0,0,0,0,10.0,1,9,BPIC15_1_f2,randomForestClassifier
0.0,1.0,0.0,0.0,0.0,0.0,0.0,0.0,0.0,0.0,0.0,0.0,560894.0,132.0475227789528,0.0,05eind020,01hoofd010,01hoofd015,0,0,0,0,0,0,0,0,0,0,0,0,0,0,0,0,0,0,0,0,0,0,0,0,0,0,0,0,0,0,0,0,0,0,15.0,1,10,BPIC15_1_f2,randomForestClassifier
0.0,0.0,0.0,0.0,0.0,1.0,0.0,0.0,0.0,0.0,0.0,0.0,4901428.0,-1.5726362324942174e-06,0.0,0,0,0,0,0,0,0,0,0,0,0,0,0,0,0,0,0,0,0,0,0,0,0,0,0,0,0,0,0,0,0,0,0,0,0,0,0,15.0,1,11,BPIC15_1_f2,randomForestClassifier
0.0,1.0,0.0,0.0,0.0,0.0,0.0,0.0,0.0,0.0,1.0,0.0,560894.0,-1.5726362324942174e-06,0.0,0,0,0,0,0,0,0,0,0,0,0,0,0,0,0,0,0,0,0,0,0,0,0,0,0,0,0,0,0,0,0,0,0,0,0,0,0,15.0,1,12,BPIC15_1_f2,randomForestClassifier
0.0,1.0,0.0,0.0,0.0,0.0,0.0,0.0,0.0,1.0,0.0,0.0,4901428.0,10440.850429057436,0.0,01hoofd010,01hoofd011,05eind010,01hoofd015,01hoofd020,01hoofd0302,01hoofd0301,02drz010,0,0,0,0,0,0,0,0,0,0,0,0,0,0,0,0,0,0,0,0,0,0,0,0,0,0,0,0,0,15.0,1,13,BPIC15_1_f2,randomForestClassifier
0.0,1.0,0.0,0.0,0.0,0.0,0.0,0.0,0.0,0.0,0.0,0.0,560912.0,-1.5726362324942174e-06,0.0,01hoofd010,01hoofd0302,01hoofd015,01hoofd020,01hoofd0301,01hoofd040,01hoofd060,01hoofd100,0,0,0,0,0,0,0,0,0,0,0,0,0,0,0,0,0,0,0,0,0,0,0,0,0,0,0,0,0,15.0,1,14,BPIC15_1_f2,randomForestClassifier
0.0,1.0,0.0,0.0,0.0,0.0,0.0,0.0,0.0,0.0,0.0,0.0,560894.0,132.0475227789528,0.0,05eind020,01hoofd010,01hoofd015,0,0,0,0,0,0,0,0,0,0,0,0,0,0,0,0,0,0,0,0,0,0,0,0,0,0,0,0,0,0,0,0,0,0,20.0,1,15,BPIC15_1_f2,randomForestClassifier
0.0,1.0,0.0,0.0,0.0,0.0,0.0,0.0,0.0,0.0,1.0,0.0,560894.0,-1.5726362324942174e-06,0.0,0,0,0,0,0,0,0,0,0,0,0,0,0,0,0,0,0,0,0,0,0,0,0,0,0,0,0,0,0,0,0,0,0,0,0,0,0,20.0,1,16,BPIC15_1_f2,randomForestClassifier
0.0,0.0,0.0,0.0,0.0,1.0,0.0,0.0,0.0,0.0,0.0,0.0,4901428.0,-1.5726362324942174e-06,0.0,0,0,0,0,0,0,0,0,0,0,0,0,0,0,0,0,0,0,0,0,0,0,0,0,0,0,0,0,0,0,0,0,0,0,0,0,0,20.0,1,17,BPIC15_1_f2,randomForestClassifier
0.0,1.0,0.0,0.0,0.0,0.0,0.0,0.0,0.0,1.0,0.0,0.0,4901428.0,10440.850429057436,0.0,01hoofd010,01hoofd011,05eind010,01hoofd015,01hoofd020,01hoofd0302,01hoofd0301,02drz010,0,0,0,0,0,0,0,0,0,0,0,0,0,0,0,0,0,0,0,0,0,0,0,0,0,0,0,0,0,20.0,1,18,BPIC15_1_f2,randomForestClassifier
0.0,1.0,0.0,0.0,0.0,0.0,0.0,0.0,0.0,0.0,0.0,0.0,4901428.0,154.60619899285714,0.0,01hoofd010,01hoofd011,01hoofd020,0,0,0,0,01hoofd0301,01hoofd015,01hoofd101,0,01hoofd180,0,08awb45010,0,0,0,08awb450202,08awb45030,08awb45040,0,0,0,0,0,0,0,0,0,0,0,0,0,0,0,0,0,20.0,1,19,BPIC15_1_f2,randomForestClassifier
0.0,1.0,0.0,0.0,0.0,0.0,0.0,0.0,0.0,0.0,0.0,0.0,4901428.0,154.60619899285714,0.0,01hoofd010,01hoofd011,01hoofd020,0,0,0,0,01hoofd0301,01hoofd101,01hoofd015,0,01hoofd0302,0,01hoofd180,0,08awb45010,0,08awb450201,0,08awb450202,08awb45030,08awb45040,0,0,0,0,0,0,0,0,0,0,0,0,0,0,0,5.0,2,0,BPIC15_1_f2,randomForestClassifier
0.0,0.0,0.0,0.0,0.0,0.0,0.0,0.0,1.0,0.0,0.0,0.0,4901428.0,-1.5726362324942174e-06,0.0,01hoofd010,01hoofd011,01hoofd020,0,0,0,0,0,01hoofd101,01hoofd0301,01hoofd015,01hoofd0302,0,01hoofd180,0,08awb45010,0,08awb450201,0,08awb450202,08awb45030,08awb45040,0,0,0,0,0,0,0,0,0,0,0,0,0,0,0,5.0,2,1,BPIC15_1_f2,randomForestClassifier
0.0,0.0,0.0,0.0,0.0,1.0,0.0,0.0,0.0,0.0,0.0,0.0,4901428.0,-1.5726362324942174e-06,0.0,0,0,0,0,0,0,0,0,0,0,0,0,0,0,0,0,0,0,0,0,0,0,0,0,0,0,0,0,0,0,0,0,0,0,0,0,0,5.0,2,2,BPIC15_1_f2,randomForestClassifier
0.0,1.0,0.0,0.0,0.0,0.0,0.0,0.0,0.0,0.0,0.0,0.0,4901428.0,154.60619899285714,0.0,01hoofd010,01hoofd011,01hoofd020,0,0,0,0,01hoofd0301,01hoofd015,01hoofd101,0,01hoofd180,0,08awb45010,0,0,0,08awb450202,08awb45030,08awb45040,0,0,0,0,0,0,0,0,0,0,0,0,0,0,0,0,0,5.0,2,3,BPIC15_1_f2,randomForestClassifier
0.0,1.0,0.0,0.0,0.0,0.0,0.0,0.0,0.0,0.0,0.0,0.0,560894.0,132.0475227789528,0.0,05eind020,01hoofd010,01hoofd015,0,0,0,0,0,0,0,0,0,0,0,0,0,0,0,0,0,0,0,0,0,0,0,0,0,0,0,0,0,0,0,0,0,0,5.0,2,4,BPIC15_1_f2,randomForestClassifier
0.0,1.0,0.0,0.0,0.0,0.0,0.0,0.0,0.0,0.0,0.0,0.0,4901428.0,154.60619899285714,0.0,01hoofd010,01hoofd011,01hoofd020,0,0,0,0,01hoofd0301,01hoofd101,01hoofd015,0,01hoofd0302,0,01hoofd180,0,08awb45010,0,08awb450201,0,08awb450202,08awb45030,08awb45040,0,0,0,0,0,0,0,0,0,0,0,0,0,0,0,10.0,2,5,BPIC15_1_f2,randomForestClassifier
0.0,0.0,0.0,0.0,0.0,0.0,0.0,0.0,1.0,0.0,0.0,0.0,4901428.0,-1.5726362324942174e-06,0.0,01hoofd010,01hoofd011,01hoofd020,0,0,0,0,0,01hoofd101,01hoofd0301,01hoofd015,01hoofd0302,0,01hoofd180,0,08awb45010,0,08awb450201,0,08awb450202,08awb45030,08awb45040,0,0,0,0,0,0,0,0,0,0,0,0,0,0,0,10.0,2,6,BPIC15_1_f2,randomForestClassifier
0.0,1.0,0.0,0.0,0.0,0.0,0.0,0.0,0.0,0.0,0.0,0.0,4901428.0,154.60619899285714,0.0,01hoofd010,01hoofd011,01hoofd020,0,0,0,0,01hoofd0301,01hoofd015,01hoofd101,0,01hoofd180,0,08awb45010,0,0,0,08awb450202,08awb45030,08awb45040,0,0,0,0,0,0,0,0,0,0,0,0,0,0,0,0,0,10.0,2,7,BPIC15_1_f2,randomForestClassifier
0.0,0.0,0.0,0.0,0.0,1.0,0.0,0.0,0.0,0.0,0.0,0.0,4901428.0,-1.5726362324942174e-06,0.0,0,0,0,0,0,0,0,0,0,0,0,0,0,0,0,0,0,0,0,0,0,0,0,0,0,0,0,0,0,0,0,0,0,0,0,0,0,10.0,2,8,BPIC15_1_f2,randomForestClassifier
0.0,1.0,0.0,0.0,0.0,0.0,0.0,0.0,0.0,0.0,0.0,0.0,560894.0,132.0475227789528,0.0,05eind020,01hoofd010,01hoofd015,0,0,0,0,0,0,0,0,0,0,0,0,0,0,0,0,0,0,0,0,0,0,0,0,0,0,0,0,0,0,0,0,0,0,10.0,2,9,BPIC15_1_f2,randomForestClassifier
0.0,1.0,0.0,0.0,0.0,0.0,0.0,0.0,0.0,0.0,0.0,0.0,4901428.0,154.60619899285714,0.0,01hoofd010,01hoofd011,01hoofd020,0,0,0,0,01hoofd0301,01hoofd101,01hoofd015,0,01hoofd0302,0,01hoofd180,0,08awb45010,0,08awb450201,0,08awb450202,08awb45030,08awb45040,0,0,0,0,0,0,0,0,0,0,0,0,0,0,0,15.0,2,10,BPIC15_1_f2,randomForestClassifier
0.0,0.0,0.0,0.0,0.0,0.0,0.0,0.0,1.0,0.0,0.0,0.0,4901428.0,-1.5726362324942174e-06,0.0,01hoofd010,01hoofd011,01hoofd020,0,0,0,0,0,01hoofd101,01hoofd0301,01hoofd015,01hoofd0302,0,01hoofd180,0,08awb45010,0,08awb450201,0,08awb450202,08awb45030,08awb45040,0,0,0,0,0,0,0,0,0,0,0,0,0,0,0,15.0,2,11,BPIC15_1_f2,randomForestClassifier
0.0,1.0,0.0,0.0,0.0,0.0,0.0,0.0,0.0,0.0,0.0,0.0,4901428.0,154.60619899285714,0.0,01hoofd010,01hoofd011,01hoofd020,0,0,0,0,01hoofd0301,01hoofd015,01hoofd101,0,01hoofd180,0,08awb45010,0,0,0,08awb450202,08awb45030,08awb45040,0,0,0,0,0,0,0,0,0,0,0,0,0,0,0,0,0,15.0,2,12,BPIC15_1_f2,randomForestClassifier
0.0,0.0,0.0,0.0,0.0,1.0,0.0,0.0,0.0,0.0,0.0,0.0,4901428.0,-1.5726362324942174e-06,0.0,0,0,0,0,0,0,0,0,0,0,0,0,0,0,0,0,0,0,0,0,0,0,0,0,0,0,0,0,0,0,0,0,0,0,0,0,0,15.0,2,13,BPIC15_1_f2,randomForestClassifier
0.0,1.0,0.0,0.0,1.0,0.0,0.0,0.0,0.0,0.0,0.0,0.0,4901428.0,646.707399385096,0.0,01hoofd010,01hoofd011,01hoofd020,0,0,0,0,01hoofd0301,01hoofd061,01hoofd015,01hoofd101,01hoofd0302,0,01hoofd180,0,08awb45010,0,08awb450201,0,08awb450202,08awb45030,08awb45040,0,0,0,0,0,0,0,0,0,0,0,0,0,0,0,15.0,2,14,BPIC15_1_f2,randomForestClassifier
0.0,1.0,0.0,0.0,0.0,0.0,0.0,0.0,0.0,0.0,0.0,0.0,4901428.0,154.60619899285714,0.0,01hoofd010,01hoofd011,01hoofd020,0,0,0,0,01hoofd0301,01hoofd101,01hoofd015,0,01hoofd0302,0,01hoofd180,0,08awb45010,0,08awb450201,0,08awb450202,08awb45030,08awb45040,0,0,0,0,0,0,0,0,0,0,0,0,0,0,0,20.0,2,15,BPIC15_1_f2,randomForestClassifier
0.0,0.0,0.0,0.0,0.0,0.0,0.0,0.0,1.0,0.0,0.0,0.0,4901428.0,-1.5726362324942174e-06,0.0,01hoofd010,01hoofd011,01hoofd020,0,0,0,0,0,01hoofd101,01hoofd0301,01hoofd015,01hoofd0302,0,01hoofd180,0,08awb45010,0,08awb450201,0,08awb450202,08awb45030,08awb45040,0,0,0,0,0,0,0,0,0,0,0,0,0,0,0,20.0,2,16,BPIC15_1_f2,randomForestClassifier
0.0,0.0,0.0,0.0,0.0,1.0,0.0,0.0,0.0,0.0,0.0,0.0,4901428.0,-1.5726362324942174e-06,0.0,0,0,0,0,0,0,0,0,0,0,0,0,0,0,0,0,0,0,0,0,0,0,0,0,0,0,0,0,0,0,0,0,0,0,0,0,0,20.0,2,17,BPIC15_1_f2,randomForestClassifier
0.0,1.0,0.0,0.0,1.0,0.0,0.0,0.0,0.0,0.0,0.0,0.0,4901428.0,646.707399385096,0.0,01hoofd010,01hoofd011,01hoofd020,0,0,0,0,01hoofd0301,01hoofd061,01hoofd015,01hoofd101,01hoofd0302,0,01hoofd180,0,08awb45010,0,08awb450201,0,08awb450202,08awb45030,08awb45040,0,0,0,0,0,0,0,0,0,0,0,0,0,0,0,20.0,2,18,BPIC15_1_f2,randomForestClassifier
0.0,1.0,0.0,0.0,0.0,0.0,0.0,0.0,0.0,0.0,0.0,0.0,4901428.0,154.60619899285714,0.0,01hoofd010,01hoofd011,01hoofd020,0,0,0,0,01hoofd0301,01hoofd015,01hoofd101,0,01hoofd180,0,08awb45010,0,0,0,08awb450202,08awb45030,08awb45040,0,0,0,0,0,0,0,0,0,0,0,0,0,0,0,0,0,20.0,2,19,BPIC15_1_f2,randomForestClassifier
0.0,0.0,0.0,0.0,0.0,1.0,0.0,0.0,0.0,0.0,0.0,0.0,4901428.0,-1.5726362324942174e-06,0.0,0,0,0,0,0,0,0,0,0,0,0,0,0,0,0,0,0,0,0,0,0,0,0,0,0,0,0,0,0,0,0,0,0,0,0,0,0,5.0,3,0,BPIC15_1_f2,randomForestClassifier
0.0,1.0,0.0,0.0,0.0,0.0,0.0,0.0,0.0,0.0,0.0,0.0,560894.0,132.0475227789528,0.0,05eind020,01hoofd010,01hoofd015,0,0,0,0,0,0,0,0,0,0,0,0,0,0,0,0,0,0,0,0,0,0,0,0,0,0,0,0,0,0,0,0,0,0,5.0,3,1,BPIC15_1_f2,randomForestClassifier
0.0,1.0,0.0,0.0,0.0,0.0,0.0,0.0,0.0,0.0,0.0,0.0,560912.0,-1.5726362324942174e-06,0.0,01hoofd010,01hoofd0302,01hoofd015,01hoofd020,01hoofd0301,01hoofd040,01hoofd060,01hoofd100,0,0,0,0,0,0,0,0,0,0,0,0,0,0,0,0,0,0,0,0,0,0,0,0,0,0,0,0,0,5.0,3,2,BPIC15_1_f2,randomForestClassifier
0.0,1.0,0.0,0.0,0.0,0.0,0.0,0.0,0.0,0.0,0.0,0.0,4901428.0,154.60619899285714,0.0,01hoofd010,01hoofd011,01hoofd020,0,0,0,0,01hoofd0301,01hoofd015,01hoofd101,0,01hoofd180,0,08awb45010,0,0,0,08awb450202,08awb45030,08awb45040,0,0,0,0,0,0,0,0,0,0,0,0,0,0,0,0,0,5.0,3,3,BPIC15_1_f2,randomForestClassifier
0.0,0.0,0.0,0.0,0.0,0.0,0.0,0.0,0.0,1.0,0.0,0.0,4936828.0,-1.5726362324942174e-06,0.0,01hoofd010,01hoofd015,05eind010,01hoofd020,01hoofd0302,01hoofd0301,01hoofd040,01hoofd060,04bpt010,0,0,0,0,0,0,0,0,0,0,0,0,0,0,0,0,0,0,0,0,0,0,0,0,0,0,0,0,5.0,3,4,BPIC15_1_f2,randomForestClassifier
0.0,0.0,0.0,0.0,0.0,1.0,0.0,0.0,0.0,0.0,0.0,0.0,4901428.0,-1.5726362324942174e-06,0.0,0,0,0,0,0,0,0,0,0,0,0,0,0,0,0,0,0,0,0,0,0,0,0,0,0,0,0,0,0,0,0,0,0,0,0,0,0,10.0,3,5,BPIC15_1_f2,randomForestClassifier
0.0,1.0,0.0,0.0,0.0,0.0,0.0,0.0,0.0,0.0,1.0,0.0,560894.0,-1.5726362324942174e-06,0.0,0,0,0,0,0,0,0,0,0,0,0,0,0,0,0,0,0,0,0,0,0,0,0,0,0,0,0,0,0,0,0,0,0,0,0,0,0,10.0,3,6,BPIC15_1_f2,randomForestClassifier
0.0,1.0,0.0,0.0,0.0,0.0,0.0,0.0,0.0,0.0,0.0,0.0,560894.0,132.0475227789528,0.0,05eind020,01hoofd010,01hoofd015,0,0,0,0,0,0,0,0,0,0,0,0,0,0,0,0,0,0,0,0,0,0,0,0,0,0,0,0,0,0,0,0,0,0,10.0,3,7,BPIC15_1_f2,randomForestClassifier
0.0,1.0,0.0,0.0,0.0,0.0,0.0,0.0,0.0,0.0,0.0,0.0,560912.0,-1.5726362324942174e-06,0.0,01hoofd010,01hoofd0302,01hoofd015,01hoofd020,01hoofd0301,01hoofd040,01hoofd060,01hoofd100,0,0,0,0,0,0,0,0,0,0,0,0,0,0,0,0,0,0,0,0,0,0,0,0,0,0,0,0,0,10.0,3,8,BPIC15_1_f2,randomForestClassifier
1.0,0.0,0.0,0.0,0.0,0.0,0.0,0.0,0.0,0.0,0.0,0.0,560912.0,-1.5726362324942174e-06,0.0,01hoofd010,01hoofd0302,01hoofd015,01hoofd020,01hoofd0301,01hoofd040,01hoofd100,01hoofd0652,01hoofd060,0,0,0,0,0,0,0,0,0,0,0,0,0,0,0,0,0,0,0,0,0,0,0,0,0,0,0,0,10.0,3,9,BPIC15_1_f2,randomForestClassifier
0.0,0.0,0.0,0.0,0.0,1.0,0.0,0.0,0.0,0.0,0.0,0.0,4901428.0,-1.5726362324942174e-06,0.0,0,0,0,0,0,0,0,0,0,0,0,0,0,0,0,0,0,0,0,0,0,0,0,0,0,0,0,0,0,0,0,0,0,0,0,0,0,15.0,3,10,BPIC15_1_f2,randomForestClassifier
0.0,1.0,0.0,0.0,0.0,0.0,0.0,0.0,0.0,0.0,1.0,0.0,560894.0,-1.5726362324942174e-06,0.0,0,0,0,0,0,0,0,0,0,0,0,0,0,0,0,0,0,0,0,0,0,0,0,0,0,0,0,0,0,0,0,0,0,0,0,0,0,15.0,3,11,BPIC15_1_f2,randomForestClassifier
0.0,1.0,0.0,0.0,0.0,0.0,0.0,0.0,0.0,0.0,0.0,0.0,560894.0,132.0475227789528,0.0,05eind020,01hoofd010,01hoofd015,0,0,0,0,0,0,0,0,0,0,0,0,0,0,0,0,0,0,0,0,0,0,0,0,0,0,0,0,0,0,0,0,0,0,15.0,3,12,BPIC15_1_f2,randomForestClassifier
0.0,1.0,0.0,0.0,0.0,0.0,0.0,0.0,0.0,1.0,0.0,0.0,4901428.0,10440.850429057436,0.0,01hoofd010,01hoofd011,05eind010,01hoofd015,01hoofd020,01hoofd0302,01hoofd0301,02drz010,0,0,0,0,0,0,0,0,0,0,0,0,0,0,0,0,0,0,0,0,0,0,0,0,0,0,0,0,0,15.0,3,13,BPIC15_1_f2,randomForestClassifier
0.0,1.0,0.0,0.0,0.0,0.0,0.0,0.0,0.0,0.0,0.0,0.0,560912.0,-1.5726362324942174e-06,0.0,01hoofd010,01hoofd0302,01hoofd015,01hoofd020,01hoofd0301,01hoofd040,01hoofd060,01hoofd100,0,0,0,0,0,0,0,0,0,0,0,0,0,0,0,0,0,0,0,0,0,0,0,0,0,0,0,0,0,15.0,3,14,BPIC15_1_f2,randomForestClassifier
0.0,0.0,0.0,0.0,0.0,1.0,0.0,0.0,0.0,0.0,0.0,0.0,4901428.0,-1.5726362324942174e-06,0.0,0,0,0,0,0,0,0,0,0,0,0,0,0,0,0,0,0,0,0,0,0,0,0,0,0,0,0,0,0,0,0,0,0,0,0,0,0,20.0,3,15,BPIC15_1_f2,randomForestClassifier
0.0,1.0,0.0,0.0,0.0,0.0,0.0,0.0,0.0,0.0,0.0,0.0,560894.0,132.0475227789528,0.0,05eind020,01hoofd010,01hoofd015,0,0,0,0,0,0,0,0,0,0,0,0,0,0,0,0,0,0,0,0,0,0,0,0,0,0,0,0,0,0,0,0,0,0,20.0,3,16,BPIC15_1_f2,randomForestClassifier
0.0,1.0,0.0,0.0,0.0,0.0,0.0,0.0,0.0,0.0,1.0,0.0,560894.0,-1.5726362324942174e-06,0.0,0,0,0,0,0,0,0,0,0,0,0,0,0,0,0,0,0,0,0,0,0,0,0,0,0,0,0,0,0,0,0,0,0,0,0,0,0,20.0,3,17,BPIC15_1_f2,randomForestClassifier
0.0,1.0,0.0,0.0,0.0,0.0,0.0,0.0,0.0,0.0,0.0,0.0,560912.0,-1.5726362324942174e-06,0.0,01hoofd010,01hoofd0302,01hoofd015,01hoofd020,01hoofd0301,01hoofd040,01hoofd060,01hoofd100,0,0,0,0,0,0,0,0,0,0,0,0,0,0,0,0,0,0,0,0,0,0,0,0,0,0,0,0,0,20.0,3,18,BPIC15_1_f2,randomForestClassifier
0.0,1.0,0.0,0.0,0.0,0.0,0.0,0.0,0.0,1.0,0.0,0.0,4901428.0,10440.850429057436,0.0,01hoofd010,01hoofd011,05eind010,01hoofd015,01hoofd020,01hoofd0302,01hoofd0301,02drz010,0,0,0,0,0,0,0,0,0,0,0,0,0,0,0,0,0,0,0,0,0,0,0,0,0,0,0,0,0,20.0,3,19,BPIC15_1_f2,randomForestClassifier
0.0,1.0,0.0,0.0,0.0,0.0,0.0,0.0,0.0,0.0,0.0,0.0,4901428.0,562.9385853267117,0.0,01hoofd010,01hoofd011,01hoofd020,0,0,0,0,01hoofd015,01hoofd061,01hoofd0301,01hoofd0302,0,01hoofd180,0,08awb45010,0,0,08awb450201,08awb450202,08awb45030,08awb45040,0,0,0,0,0,0,0,0,0,0,0,0,0,0,0,0,5.0,4,0,BPIC15_1_f2,randomForestClassifier
0.0,1.0,0.0,0.0,0.0,0.0,0.0,0.0,0.0,0.0,1.0,0.0,560894.0,-1.5726362324942174e-06,0.0,0,0,0,0,0,0,0,0,0,0,0,0,0,0,0,0,0,0,0,0,0,0,0,0,0,0,0,0,0,0,0,0,0,0,0,0,0,5.0,4,1,BPIC15_1_f2,randomForestClassifier
0.0,1.0,0.0,0.0,0.0,0.0,0.0,0.0,0.0,0.0,0.0,0.0,4901428.0,154.60619899285714,0.0,01hoofd010,01hoofd011,01hoofd020,0,0,0,01hoofd0301,01hoofd015,01hoofd061,01hoofd101,01hoofd0302,0,01hoofd180,0,08awb45010,0,0,08awb450201,08awb450202,08awb45030,08awb45040,0,0,0,0,0,0,0,0,0,0,0,0,0,0,0,0,5.0,4,2,BPIC15_1_f2,randomForestClassifier
0.0,1.0,0.0,0.0,0.0,0.0,0.0,0.0,0.0,0.0,0.0,0.0,560894.0,132.0475227789528,0.0,05eind020,01hoofd010,01hoofd015,0,0,0,0,0,0,0,0,0,0,0,0,0,0,0,0,0,0,0,0,0,0,0,0,0,0,0,0,0,0,0,0,0,0,5.0,4,3,BPIC15_1_f2,randomForestClassifier
0.0,1.0,0.0,0.0,0.0,0.0,0.0,0.0,0.0,0.0,0.0,0.0,4901428.0,488.72925606419943,0.0,01hoofd010,01hoofd011,01hoofd020,0,0,0,0,01hoofd0301,01hoofd015,01hoofd101,0,0,01hoofd180,0,08awb45010,0,08awb450201,0,08awb450202,08awb45030,08awb45040,0,0,0,0,0,0,0,0,0,0,0,0,0,0,0,0,5.0,4,4,BPIC15_1_f2,randomForestClassifier
0.0,1.0,0.0,0.0,0.0,0.0,0.0,0.0,0.0,0.0,0.0,0.0,4901428.0,562.9385853267117,0.0,01hoofd010,01hoofd011,01hoofd020,0,0,0,0,01hoofd015,01hoofd061,01hoofd0301,01hoofd0302,0,01hoofd180,0,08awb45010,0,0,08awb450201,08awb450202,08awb45030,08awb45040,0,0,0,0,0,0,0,0,0,0,0,0,0,0,0,0,10.0,4,5,BPIC15_1_f2,randomForestClassifier
0.0,1.0,0.0,0.0,0.0,0.0,0.0,0.0,0.0,0.0,1.0,0.0,560894.0,-1.5726362324942174e-06,0.0,0,0,0,0,0,0,0,0,0,0,0,0,0,0,0,0,0,0,0,0,0,0,0,0,0,0,0,0,0,0,0,0,0,0,0,0,0,10.0,4,6,BPIC15_1_f2,randomForestClassifier
0.0,1.0,0.0,0.0,0.0,0.0,0.0,0.0,0.0,0.0,0.0,0.0,4901428.0,154.60619899285714,0.0,01hoofd010,01hoofd011,01hoofd020,0,0,0,01hoofd0301,01hoofd015,01hoofd061,01hoofd101,01hoofd0302,0,01hoofd180,0,08awb45010,0,0,08awb450201,08awb450202,08awb45030,08awb45040,0,0,0,0,0,0,0,0,0,0,0,0,0,0,0,0,10.0,4,7,BPIC15_1_f2,randomForestClassifier
0.0,1.0,0.0,0.0,0.0,0.0,0.0,0.0,0.0,0.0,0.0,0.0,4901428.0,488.72925606419943,0.0,01hoofd010,01hoofd011,01hoofd020,0,0,0,0,01hoofd0301,01hoofd015,01hoofd101,0,0,01hoofd180,0,08awb45010,0,08awb450201,0,08awb450202,08awb45030,08awb45040,0,0,0,0,0,0,0,0,0,0,0,0,0,0,0,0,10.0,4,8,BPIC15_1_f2,randomForestClassifier
0.0,1.0,0.0,0.0,0.0,0.0,0.0,0.0,0.0,0.0,0.0,0.0,560894.0,132.0475227789528,0.0,05eind020,01hoofd010,01hoofd015,0,0,0,0,0,0,0,0,0,0,0,0,0,0,0,0,0,0,0,0,0,0,0,0,0,0,0,0,0,0,0,0,0,0,10.0,4,9,BPIC15_1_f2,randomForestClassifier
0.0,1.0,0.0,0.0,0.0,0.0,0.0,0.0,0.0,0.0,0.0,0.0,4901428.0,562.9385853267117,0.0,01hoofd010,01hoofd011,01hoofd020,0,0,0,0,01hoofd015,01hoofd061,01hoofd0301,01hoofd0302,0,01hoofd180,0,08awb45010,0,0,08awb450201,08awb450202,08awb45030,08awb45040,0,0,0,0,0,0,0,0,0,0,0,0,0,0,0,0,15.0,4,10,BPIC15_1_f2,randomForestClassifier
0.0,1.0,0.0,0.0,0.0,0.0,0.0,0.0,0.0,0.0,1.0,0.0,560894.0,-1.5726362324942174e-06,0.0,0,0,0,0,0,0,0,0,0,0,0,0,0,0,0,0,0,0,0,0,0,0,0,0,0,0,0,0,0,0,0,0,0,0,0,0,0,15.0,4,11,BPIC15_1_f2,randomForestClassifier
0.0,1.0,0.0,0.0,0.0,0.0,0.0,0.0,0.0,0.0,0.0,0.0,4901428.0,488.72925606419943,0.0,01hoofd010,01hoofd011,01hoofd020,0,0,0,0,01hoofd0301,01hoofd015,01hoofd101,0,0,01hoofd180,0,08awb45010,0,08awb450201,0,08awb450202,08awb45030,08awb45040,0,0,0,0,0,0,0,0,0,0,0,0,0,0,0,0,15.0,4,12,BPIC15_1_f2,randomForestClassifier
0.0,1.0,0.0,0.0,0.0,0.0,0.0,0.0,0.0,0.0,0.0,0.0,4901428.0,154.60619899285714,0.0,01hoofd010,01hoofd011,01hoofd020,0,0,0,01hoofd0301,01hoofd015,01hoofd061,01hoofd101,01hoofd0302,0,01hoofd180,0,08awb45010,0,0,08awb450201,08awb450202,08awb45030,08awb45040,0,0,0,0,0,0,0,0,0,0,0,0,0,0,0,0,15.0,4,13,BPIC15_1_f2,randomForestClassifier
0.0,1.0,0.0,0.0,0.0,0.0,0.0,0.0,0.0,0.0,0.0,0.0,560894.0,132.0475227789528,0.0,05eind020,01hoofd010,01hoofd015,0,0,0,0,0,0,0,0,0,0,0,0,0,0,0,0,0,0,0,0,0,0,0,0,0,0,0,0,0,0,0,0,0,0,15.0,4,14,BPIC15_1_f2,randomForestClassifier
0.0,1.0,0.0,0.0,0.0,0.0,0.0,0.0,0.0,0.0,1.0,0.0,560894.0,-1.5726362324942174e-06,0.0,0,0,0,0,0,0,0,0,0,0,0,0,0,0,0,0,0,0,0,0,0,0,0,0,0,0,0,0,0,0,0,0,0,0,0,0,0,20.0,4,15,BPIC15_1_f2,randomForestClassifier
0.0,1.0,0.0,0.0,0.0,0.0,0.0,0.0,0.0,0.0,0.0,0.0,4901428.0,562.9385853267117,0.0,01hoofd010,01hoofd011,01hoofd020,0,0,0,0,01hoofd015,01hoofd061,01hoofd0301,01hoofd0302,0,01hoofd180,0,08awb45010,0,0,08awb450201,08awb450202,08awb45030,08awb45040,0,0,0,0,0,0,0,0,0,0,0,0,0,0,0,0,20.0,4,16,BPIC15_1_f2,randomForestClassifier
0.0,1.0,0.0,0.0,0.0,0.0,0.0,0.0,0.0,0.0,0.0,0.0,4901428.0,154.60619899285714,0.0,01hoofd010,01hoofd011,01hoofd020,0,0,0,01hoofd0301,01hoofd015,01hoofd061,01hoofd101,01hoofd0302,0,01hoofd180,0,08awb45010,0,0,08awb450201,08awb450202,08awb45030,08awb45040,0,0,0,0,0,0,0,0,0,0,0,0,0,0,0,0,20.0,4,17,BPIC15_1_f2,randomForestClassifier
0.0,1.0,0.0,0.0,0.0,0.0,0.0,0.0,0.0,0.0,0.0,0.0,4901428.0,488.72925606419943,0.0,01hoofd010,01hoofd011,01hoofd020,0,0,0,0,01hoofd0301,01hoofd015,01hoofd101,0,0,01hoofd180,0,08awb45010,0,08awb450201,0,08awb450202,08awb45030,08awb45040,0,0,0,0,0,0,0,0,0,0,0,0,0,0,0,0,20.0,4,18,BPIC15_1_f2,randomForestClassifier
0.0,1.0,0.0,0.0,0.0,0.0,0.0,0.0,0.0,0.0,0.0,0.0,560894.0,132.0475227789528,0.0,05eind020,01hoofd010,01hoofd015,0,0,0,0,0,0,0,0,0,0,0,0,0,0,0,0,0,0,0,0,0,0,0,0,0,0,0,0,0,0,0,0,0,0,20.0,4,19,BPIC15_1_f2,randomForestClassifier
0.0,0.0,0.0,0.0,0.0,1.0,0.0,0.0,0.0,0.0,0.0,0.0,4901428.0,-1.5726362324942174e-06,0.0,0,0,0,0,0,0,0,0,0,0,0,0,0,0,0,0,0,0,0,0,0,0,0,0,0,0,0,0,0,0,0,0,0,0,0,0,0,5.0,5,0,BPIC15_1_f2,randomForestClassifier
0.0,1.0,0.0,0.0,0.0,0.0,0.0,0.0,0.0,0.0,0.0,0.0,560894.0,132.0475227789528,0.0,05eind020,01hoofd010,01hoofd015,0,0,0,0,0,0,0,0,0,0,0,0,0,0,0,0,0,0,0,0,0,0,0,0,0,0,0,0,0,0,0,0,0,0,5.0,5,1,BPIC15_1_f2,randomForestClassifier
0.0,1.0,0.0,0.0,0.0,0.0,0.0,0.0,0.0,0.0,0.0,0.0,560912.0,-1.5726362324942174e-06,0.0,01hoofd010,01hoofd0302,01hoofd015,01hoofd020,01hoofd0301,01hoofd040,01hoofd060,01hoofd100,0,0,0,0,0,0,0,0,0,0,0,0,0,0,0,0,0,0,0,0,0,0,0,0,0,0,0,0,0,5.0,5,2,BPIC15_1_f2,randomForestClassifier
0.0,1.0,0.0,0.0,0.0,0.0,0.0,0.0,0.0,0.0,0.0,0.0,4901428.0,154.60619899285714,0.0,01hoofd010,01hoofd011,01hoofd020,0,0,0,0,01hoofd0301,01hoofd015,01hoofd101,0,01hoofd180,0,08awb45010,0,0,0,08awb450202,08awb45030,08awb45040,0,0,0,0,0,0,0,0,0,0,0,0,0,0,0,0,0,5.0,5,3,BPIC15_1_f2,randomForestClassifier
0.0,0.0,0.0,0.0,0.0,0.0,0.0,0.0,0.0,1.0,0.0,0.0,4936828.0,-1.5726362324942174e-06,0.0,01hoofd010,01hoofd015,05eind010,01hoofd020,01hoofd0302,01hoofd0301,01hoofd040,01hoofd060,04bpt010,0,0,0,0,0,0,0,0,0,0,0,0,0,0,0,0,0,0,0,0,0,0,0,0,0,0,0,0,5.0,5,4,BPIC15_1_f2,randomForestClassifier
0.0,0.0,0.0,0.0,0.0,1.0,0.0,0.0,0.0,0.0,0.0,0.0,4901428.0,-1.5726362324942174e-06,0.0,0,0,0,0,0,0,0,0,0,0,0,0,0,0,0,0,0,0,0,0,0,0,0,0,0,0,0,0,0,0,0,0,0,0,0,0,0,10.0,5,5,BPIC15_1_f2,randomForestClassifier
0.0,1.0,0.0,0.0,0.0,0.0,0.0,0.0,0.0,0.0,0.0,0.0,560894.0,132.0475227789528,0.0,05eind020,01hoofd010,01hoofd015,0,0,0,0,0,0,0,0,0,0,0,0,0,0,0,0,0,0,0,0,0,0,0,0,0,0,0,0,0,0,0,0,0,0,10.0,5,6,BPIC15_1_f2,randomForestClassifier
0.0,1.0,0.0,0.0,0.0,0.0,0.0,0.0,0.0,0.0,1.0,0.0,560894.0,-1.5726362324942174e-06,0.0,0,0,0,0,0,0,0,0,0,0,0,0,0,0,0,0,0,0,0,0,0,0,0,0,0,0,0,0,0,0,0,0,0,0,0,0,0,10.0,5,7,BPIC15_1_f2,randomForestClassifier
0.0,1.0,0.0,0.0,0.0,0.0,0.0,0.0,0.0,0.0,0.0,0.0,560912.0,-1.5726362324942174e-06,0.0,01hoofd010,01hoofd0302,01hoofd015,01hoofd020,01hoofd0301,01hoofd040,01hoofd060,01hoofd100,0,0,0,0,0,0,0,0,0,0,0,0,0,0,0,0,0,0,0,0,0,0,0,0,0,0,0,0,0,10.0,5,8,BPIC15_1_f2,randomForestClassifier
0.0,1.0,0.0,0.0,0.0,0.0,0.0,0.0,0.0,0.0,0.0,0.0,4901428.0,154.60619899285714,0.0,01hoofd010,01hoofd011,01hoofd020,0,0,0,0,01hoofd0301,01hoofd015,01hoofd101,0,01hoofd180,0,08awb45010,0,0,0,08awb450202,08awb45030,08awb45040,0,0,0,0,0,0,0,0,0,0,0,0,0,0,0,0,0,10.0,5,9,BPIC15_1_f2,randomForestClassifier
0.0,0.0,0.0,0.0,0.0,1.0,0.0,0.0,0.0,0.0,0.0,0.0,4901428.0,-1.5726362324942174e-06,0.0,0,0,0,0,0,0,0,0,0,0,0,0,0,0,0,0,0,0,0,0,0,0,0,0,0,0,0,0,0,0,0,0,0,0,0,0,0,15.0,5,10,BPIC15_1_f2,randomForestClassifier
0.0,1.0,0.0,0.0,0.0,0.0,0.0,0.0,0.0,0.0,0.0,0.0,560894.0,132.0475227789528,0.0,05eind020,01hoofd010,01hoofd015,0,0,0,0,0,0,0,0,0,0,0,0,0,0,0,0,0,0,0,0,0,0,0,0,0,0,0,0,0,0,0,0,0,0,15.0,5,11,BPIC15_1_f2,randomForestClassifier
0.0,1.0,0.0,0.0,0.0,0.0,0.0,0.0,0.0,0.0,1.0,0.0,560894.0,-1.5726362324942174e-06,0.0,0,0,0,0,0,0,0,0,0,0,0,0,0,0,0,0,0,0,0,0,0,0,0,0,0,0,0,0,0,0,0,0,0,0,0,0,0,15.0,5,12,BPIC15_1_f2,randomForestClassifier
0.0,1.0,0.0,0.0,0.0,0.0,0.0,0.0,0.0,1.0,0.0,0.0,4901428.0,10440.850429057436,0.0,01hoofd010,01hoofd011,05eind010,01hoofd015,01hoofd020,01hoofd0302,01hoofd0301,02drz010,0,0,0,0,0,0,0,0,0,0,0,0,0,0,0,0,0,0,0,0,0,0,0,0,0,0,0,0,0,15.0,5,13,BPIC15_1_f2,randomForestClassifier
0.0,1.0,0.0,0.0,0.0,0.0,0.0,0.0,0.0,0.0,0.0,0.0,560912.0,-1.5726362324942174e-06,0.0,01hoofd010,01hoofd0302,01hoofd015,01hoofd020,01hoofd0301,01hoofd040,01hoofd060,01hoofd100,0,0,0,0,0,0,0,0,0,0,0,0,0,0,0,0,0,0,0,0,0,0,0,0,0,0,0,0,0,15.0,5,14,BPIC15_1_f2,randomForestClassifier
0.0,0.0,0.0,0.0,0.0,1.0,0.0,0.0,0.0,0.0,0.0,0.0,4901428.0,-1.5726362324942174e-06,0.0,0,0,0,0,0,0,0,0,0,0,0,0,0,0,0,0,0,0,0,0,0,0,0,0,0,0,0,0,0,0,0,0,0,0,0,0,0,20.0,5,15,BPIC15_1_f2,randomForestClassifier
0.0,1.0,0.0,0.0,0.0,0.0,0.0,0.0,0.0,0.0,0.0,0.0,560894.0,132.0475227789528,0.0,05eind020,01hoofd010,01hoofd015,0,0,0,0,0,0,0,0,0,0,0,0,0,0,0,0,0,0,0,0,0,0,0,0,0,0,0,0,0,0,0,0,0,0,20.0,5,16,BPIC15_1_f2,randomForestClassifier
0.0,1.0,0.0,0.0,0.0,0.0,0.0,0.0,0.0,0.0,1.0,0.0,560894.0,-1.5726362324942174e-06,0.0,0,0,0,0,0,0,0,0,0,0,0,0,0,0,0,0,0,0,0,0,0,0,0,0,0,0,0,0,0,0,0,0,0,0,0,0,0,20.0,5,17,BPIC15_1_f2,randomForestClassifier
0.0,1.0,0.0,0.0,0.0,0.0,0.0,0.0,0.0,1.0,0.0,0.0,4901428.0,10440.850429057436,0.0,01hoofd010,01hoofd011,05eind010,01hoofd015,01hoofd020,01hoofd0302,01hoofd0301,02drz010,0,0,0,0,0,0,0,0,0,0,0,0,0,0,0,0,0,0,0,0,0,0,0,0,0,0,0,0,0,20.0,5,18,BPIC15_1_f2,randomForestClassifier
0.0,1.0,0.0,0.0,0.0,0.0,0.0,0.0,0.0,0.0,0.0,0.0,560912.0,-1.5726362324942174e-06,0.0,01hoofd010,01hoofd0302,01hoofd015,01hoofd020,01hoofd0301,01hoofd040,01hoofd060,01hoofd100,0,0,0,0,0,0,0,0,0,0,0,0,0,0,0,0,0,0,0,0,0,0,0,0,0,0,0,0,0,20.0,5,19,BPIC15_1_f2,randomForestClassifier
0.0,1.0,0.0,0.0,0.0,0.0,0.0,0.0,0.0,0.0,0.0,0.0,4901428.0,154.60619899285714,0.0,01hoofd010,01hoofd011,01hoofd020,0,0,0,0,01hoofd0301,01hoofd015,01hoofd101,0,01hoofd180,0,08awb45010,0,0,0,08awb450202,08awb45030,08awb45040,0,0,0,0,0,0,0,0,0,0,0,0,0,0,0,0,0,5.0,6,0,BPIC15_1_f2,randomForestClassifier
0.0,1.0,0.0,0.0,0.0,0.0,0.0,0.0,0.0,0.0,0.0,0.0,4901428.0,154.60619899285714,0.0,01hoofd010,01hoofd011,01hoofd020,0,0,0,0,01hoofd0301,01hoofd101,01hoofd015,0,01hoofd0302,0,01hoofd180,0,08awb45010,0,08awb450201,0,08awb450202,08awb45030,08awb45040,0,0,0,0,0,0,0,0,0,0,0,0,0,0,0,5.0,6,1,BPIC15_1_f2,randomForestClassifier
0.0,1.0,0.0,0.0,0.0,0.0,0.0,0.0,0.0,0.0,0.0,0.0,560894.0,132.0475227789528,0.0,05eind020,01hoofd010,01hoofd015,0,0,0,0,0,0,0,0,0,0,0,0,0,0,0,0,0,0,0,0,0,0,0,0,0,0,0,0,0,0,0,0,0,0,5.0,6,2,BPIC15_1_f2,randomForestClassifier
0.0,1.0,0.0,0.0,0.0,0.0,0.0,0.0,0.0,0.0,0.0,0.0,4901428.0,488.72925606419943,0.0,01hoofd010,01hoofd011,01hoofd020,0,0,0,0,01hoofd0301,01hoofd015,01hoofd101,0,0,01hoofd180,0,08awb45010,0,08awb450201,0,08awb450202,08awb45030,08awb45040,0,0,0,0,0,0,0,0,0,0,0,0,0,0,0,0,5.0,6,3,BPIC15_1_f2,randomForestClassifier
0.0,1.0,0.0,0.0,0.0,0.0,0.0,0.0,0.0,0.0,0.0,0.0,4901428.0,3822.254643194613,0.0,01hoofd010,01hoofd011,01hoofd020,0,0,0,0,0,0,01hoofd061,01hoofd015,01hoofd101,01hoofd0301,0,0,08awb45010,0,08awb450201,0,08awb450202,08awb45030,08awb45040,0,0,0,0,0,0,0,0,0,0,0,0,0,0,0,5.0,6,4,BPIC15_1_f2,randomForestClassifier
0.0,1.0,0.0,0.0,0.0,0.0,0.0,0.0,0.0,0.0,0.0,0.0,4901428.0,154.60619899285714,0.0,01hoofd010,01hoofd011,01hoofd020,0,0,0,0,01hoofd0301,01hoofd015,01hoofd101,0,01hoofd180,0,08awb45010,0,0,0,08awb450202,08awb45030,08awb45040,0,0,0,0,0,0,0,0,0,0,0,0,0,0,0,0,0,10.0,6,5,BPIC15_1_f2,randomForestClassifier
0.0,1.0,0.0,0.0,0.0,0.0,0.0,0.0,0.0,0.0,0.0,0.0,4901428.0,154.60619899285714,0.0,01hoofd010,01hoofd011,01hoofd020,0,0,0,0,01hoofd0301,01hoofd101,01hoofd015,0,01hoofd0302,0,01hoofd180,0,08awb45010,0,08awb450201,0,08awb450202,08awb45030,08awb45040,0,0,0,0,0,0,0,0,0,0,0,0,0,0,0,10.0,6,6,BPIC15_1_f2,randomForestClassifier
0.0,1.0,0.0,0.0,0.0,0.0,0.0,0.0,0.0,0.0,0.0,0.0,560894.0,132.0475227789528,0.0,05eind020,01hoofd010,01hoofd015,0,0,0,0,0,0,0,0,0,0,0,0,0,0,0,0,0,0,0,0,0,0,0,0,0,0,0,0,0,0,0,0,0,0,10.0,6,7,BPIC15_1_f2,randomForestClassifier
0.0,1.0,0.0,0.0,1.0,0.0,0.0,0.0,0.0,0.0,0.0,0.0,4901428.0,646.707399385096,0.0,01hoofd010,01hoofd011,01hoofd020,0,0,0,0,01hoofd0301,01hoofd061,01hoofd015,01hoofd101,01hoofd0302,0,01hoofd180,0,08awb45010,0,08awb450201,0,08awb450202,08awb45030,08awb45040,0,0,0,0,0,0,0,0,0,0,0,0,0,0,0,10.0,6,8,BPIC15_1_f2,randomForestClassifier
0.0,1.0,0.0,0.0,1.0,0.0,0.0,0.0,0.0,0.0,0.0,0.0,4901428.0,29424.072922125295,0.0,01hoofd010,01hoofd011,01hoofd020,0,0,0,0,0,01hoofd015,01hoofd0301,01hoofd101,01hoofd0302,0,01hoofd180,0,08awb45005,08awb45010,0,08awb450201,0,08awb450202,08awb45030,08awb45040,0,08awb45045,0,0,0,0,0,0,0,0,01hoofd4401,0,0,0,10.0,6,9,BPIC15_1_f2,randomForestClassifier
0.0,1.0,0.0,0.0,0.0,0.0,0.0,0.0,0.0,0.0,0.0,0.0,4901428.0,154.60619899285714,0.0,01hoofd010,01hoofd011,01hoofd020,0,0,0,0,01hoofd0301,01hoofd015,01hoofd101,0,01hoofd180,0,08awb45010,0,0,0,08awb450202,08awb45030,08awb45040,0,0,0,0,0,0,0,0,0,0,0,0,0,0,0,0,0,15.0,6,10,BPIC15_1_f2,randomForestClassifier
0.0,1.0,0.0,0.0,0.0,0.0,0.0,0.0,0.0,0.0,0.0,0.0,4901428.0,154.60619899285714,0.0,01hoofd010,01hoofd011,01hoofd020,0,0,0,0,01hoofd0301,01hoofd101,01hoofd015,0,01hoofd0302,0,01hoofd180,0,08awb45010,0,08awb450201,0,08awb450202,08awb45030,08awb45040,0,0,0,0,0,0,0,0,0,0,0,0,0,0,0,15.0,6,11,BPIC15_1_f2,randomForestClassifier
0.0,1.0,0.0,0.0,1.0,0.0,0.0,0.0,0.0,0.0,0.0,0.0,4901428.0,646.707399385096,0.0,01hoofd010,01hoofd011,01hoofd020,0,0,0,0,01hoofd0301,01hoofd061,01hoofd015,01hoofd101,01hoofd0302,0,01hoofd180,0,08awb45010,0,08awb450201,0,08awb450202,08awb45030,08awb45040,0,0,0,0,0,0,0,0,0,0,0,0,0,0,0,15.0,6,12,BPIC15_1_f2,randomForestClassifier
0.0,0.0,0.0,0.0,0.0,0.0,0.0,0.0,1.0,0.0,0.0,0.0,4901428.0,-1.5726362324942174e-06,0.0,01hoofd010,01hoofd011,01hoofd020,0,0,0,0,0,01hoofd101,01hoofd0301,01hoofd015,01hoofd0302,0,01hoofd180,0,08awb45010,0,08awb450201,0,08awb450202,08awb45030,08awb45040,0,0,0,0,0,0,0,0,0,0,0,0,0,0,0,15.0,6,13,BPIC15_1_f2,randomForestClassifier
0.0,1.0,0.0,0.0,0.0,0.0,0.0,0.0,0.0,0.0,0.0,0.0,560894.0,132.0475227789528,0.0,05eind020,01hoofd010,01hoofd015,0,0,0,0,0,0,0,0,0,0,0,0,0,0,0,0,0,0,0,0,0,0,0,0,0,0,0,0,0,0,0,0,0,0,15.0,6,14,BPIC15_1_f2,randomForestClassifier
0.0,1.0,0.0,0.0,0.0,0.0,0.0,0.0,0.0,0.0,0.0,0.0,4901428.0,154.60619899285714,0.0,01hoofd010,01hoofd011,01hoofd020,0,0,0,0,01hoofd0301,01hoofd015,01hoofd101,0,01hoofd180,0,08awb45010,0,0,0,08awb450202,08awb45030,08awb45040,0,0,0,0,0,0,0,0,0,0,0,0,0,0,0,0,0,20.0,6,15,BPIC15_1_f2,randomForestClassifier
0.0,1.0,0.0,0.0,0.0,0.0,0.0,0.0,0.0,0.0,0.0,0.0,4901428.0,154.60619899285714,0.0,01hoofd010,01hoofd011,01hoofd020,0,0,0,0,01hoofd0301,01hoofd101,01hoofd015,0,01hoofd0302,0,01hoofd180,0,08awb45010,0,08awb450201,0,08awb450202,08awb45030,08awb45040,0,0,0,0,0,0,0,0,0,0,0,0,0,0,0,20.0,6,16,BPIC15_1_f2,randomForestClassifier
0.0,0.0,0.0,0.0,0.0,0.0,0.0,0.0,1.0,0.0,0.0,0.0,4901428.0,-1.5726362324942174e-06,0.0,01hoofd010,01hoofd011,01hoofd020,0,0,0,0,0,01hoofd101,01hoofd0301,01hoofd015,01hoofd0302,0,01hoofd180,0,08awb45010,0,08awb450201,0,08awb450202,08awb45030,08awb45040,0,0,0,0,0,0,0,0,0,0,0,0,0,0,0,20.0,6,17,BPIC15_1_f2,randomForestClassifier
0.0,1.0,0.0,0.0,0.0,0.0,0.0,0.0,0.0,0.0,0.0,0.0,560894.0,132.0475227789528,0.0,05eind020,01hoofd010,01hoofd015,0,0,0,0,0,0,0,0,0,0,0,0,0,0,0,0,0,0,0,0,0,0,0,0,0,0,0,0,0,0,0,0,0,0,20.0,6,18,BPIC15_1_f2,randomForestClassifier
0.0,1.0,0.0,0.0,1.0,0.0,0.0,0.0,0.0,0.0,0.0,0.0,4901428.0,646.707399385096,0.0,01hoofd010,01hoofd011,01hoofd020,0,0,0,0,01hoofd0301,01hoofd061,01hoofd015,01hoofd101,01hoofd0302,0,01hoofd180,0,08awb45010,0,08awb450201,0,08awb450202,08awb45030,08awb45040,0,0,0,0,0,0,0,0,0,0,0,0,0,0,0,20.0,6,19,BPIC15_1_f2,randomForestClassifier
0.0,1.0,0.0,0.0,0.0,0.0,0.0,0.0,0.0,0.0,0.0,0.0,560894.0,132.0475227789528,0.0,05eind020,01hoofd010,01hoofd015,0,0,0,0,0,0,0,0,0,0,0,0,0,0,0,0,0,0,0,0,0,0,0,0,0,0,0,0,0,0,0,0,0,0,5.0,7,0,BPIC15_1_f2,randomForestClassifier
0.0,1.0,0.0,0.0,0.0,0.0,0.0,0.0,0.0,0.0,0.0,0.0,560912.0,-1.5726362324942174e-06,0.0,01hoofd010,01hoofd0302,01hoofd015,01hoofd020,01hoofd0301,01hoofd040,01hoofd060,01hoofd100,0,0,0,0,0,0,0,0,0,0,0,0,0,0,0,0,0,0,0,0,0,0,0,0,0,0,0,0,0,5.0,7,1,BPIC15_1_f2,randomForestClassifier
0.0,1.0,0.0,0.0,0.0,0.0,0.0,0.0,0.0,0.0,0.0,0.0,560912.0,-1.5726362324942174e-06,0.0,01hoofd010,01hoofd0302,01hoofd015,01hoofd020,01hoofd0301,01hoofd040,01hoofd0652,01hoofd1952,08awb450202,01hoofd060,0,0,0,0,0,0,0,0,0,0,0,0,0,0,0,0,0,0,0,0,0,0,0,0,0,0,0,5.0,7,2,BPIC15_1_f2,randomForestClassifier
0.0,1.0,0.0,0.0,0.0,0.0,0.0,0.0,0.0,0.0,0.0,0.0,560894.0,-1.5726362324942174e-06,0.0,01hoofd010,01hoofd015,05eind010,01hoofd020,01hoofd0301,01hoofd0302,01hoofd040,01hoofd060,01hoofd0652,01hoofd0651,0,0,0,0,0,0,0,0,0,0,0,0,0,0,0,0,0,0,0,0,0,0,0,0,0,0,0,5.0,7,3,BPIC15_1_f2,randomForestClassifier
0.0,1.0,0.0,0.0,0.0,0.0,0.0,0.0,0.0,0.0,0.0,0.0,4901428.0,154.60619899285714,0.0,01hoofd010,01hoofd011,01hoofd020,0,0,0,0,01hoofd0301,01hoofd015,01hoofd101,0,01hoofd180,0,08awb45010,0,0,0,08awb450202,08awb45030,08awb45040,0,0,0,0,0,0,0,0,0,0,0,0,0,0,0,0,0,5.0,7,4,BPIC15_1_f2,randomForestClassifier
0.0,1.0,0.0,0.0,0.0,0.0,0.0,0.0,0.0,0.0,1.0,0.0,560894.0,-1.5726362324942174e-06,0.0,0,0,0,0,0,0,0,0,0,0,0,0,0,0,0,0,0,0,0,0,0,0,0,0,0,0,0,0,0,0,0,0,0,0,0,0,0,10.0,7,5,BPIC15_1_f2,randomForestClassifier
0.0,1.0,0.0,0.0,0.0,0.0,0.0,0.0,0.0,0.0,0.0,0.0,560894.0,132.0475227789528,0.0,05eind020,01hoofd010,01hoofd015,0,0,0,0,0,0,0,0,0,0,0,0,0,0,0,0,0,0,0,0,0,0,0,0,0,0,0,0,0,0,0,0,0,0,10.0,7,6,BPIC15_1_f2,randomForestClassifier
0.0,1.0,0.0,0.0,0.0,0.0,0.0,0.0,0.0,0.0,0.0,0.0,560912.0,-1.5726362324942174e-06,0.0,01hoofd010,01hoofd0302,01hoofd015,01hoofd020,01hoofd0301,01hoofd040,01hoofd060,01hoofd100,0,0,0,0,0,0,0,0,0,0,0,0,0,0,0,0,0,0,0,0,0,0,0,0,0,0,0,0,0,10.0,7,7,BPIC15_1_f2,randomForestClassifier
0.0,1.0,0.0,0.0,0.0,0.0,0.0,0.0,0.0,0.0,0.0,0.0,560912.0,-1.5726362324942174e-06,0.0,01hoofd010,01hoofd0302,01hoofd015,01hoofd020,01hoofd0301,01hoofd040,01hoofd0652,01hoofd1952,08awb450202,01hoofd060,0,0,0,0,0,0,0,0,0,0,0,0,0,0,0,0,0,0,0,0,0,0,0,0,0,0,0,10.0,7,8,BPIC15_1_f2,randomForestClassifier
0.0,1.0,0.0,0.0,0.0,0.0,0.0,0.0,0.0,0.0,0.0,0.0,560894.0,-1.5726362324942174e-06,0.0,01hoofd010,01hoofd015,05eind010,01hoofd020,01hoofd0301,01hoofd0302,01hoofd040,01hoofd060,01hoofd0652,01hoofd0651,0,0,0,0,0,0,0,0,0,0,0,0,0,0,0,0,0,0,0,0,0,0,0,0,0,0,0,10.0,7,9,BPIC15_1_f2,randomForestClassifier
0.0,1.0,0.0,0.0,0.0,0.0,0.0,0.0,0.0,0.0,1.0,0.0,560894.0,-1.5726362324942174e-06,0.0,0,0,0,0,0,0,0,0,0,0,0,0,0,0,0,0,0,0,0,0,0,0,0,0,0,0,0,0,0,0,0,0,0,0,0,0,0,15.0,7,10,BPIC15_1_f2,randomForestClassifier
0.0,0.0,0.0,0.0,0.0,1.0,0.0,0.0,0.0,0.0,0.0,0.0,4901428.0,-1.5726362324942174e-06,0.0,0,0,0,0,0,0,0,0,0,0,0,0,0,0,0,0,0,0,0,0,0,0,0,0,0,0,0,0,0,0,0,0,0,0,0,0,0,15.0,7,11,BPIC15_1_f2,randomForestClassifier
0.0,1.0,0.0,0.0,0.0,0.0,0.0,0.0,0.0,0.0,0.0,0.0,560894.0,132.0475227789528,0.0,05eind020,01hoofd010,01hoofd015,0,0,0,0,0,0,0,0,0,0,0,0,0,0,0,0,0,0,0,0,0,0,0,0,0,0,0,0,0,0,0,0,0,0,15.0,7,12,BPIC15_1_f2,randomForestClassifier
0.0,1.0,0.0,0.0,0.0,0.0,0.0,0.0,0.0,0.0,0.0,0.0,560912.0,-1.5726362324942174e-06,0.0,01hoofd010,01hoofd0302,01hoofd015,01hoofd020,01hoofd0301,01hoofd040,01hoofd060,01hoofd100,0,0,0,0,0,0,0,0,0,0,0,0,0,0,0,0,0,0,0,0,0,0,0,0,0,0,0,0,0,15.0,7,13,BPIC15_1_f2,randomForestClassifier
0.0,1.0,0.0,0.0,0.0,0.0,0.0,0.0,0.0,0.0,0.0,0.0,560912.0,-1.5726362324942174e-06,0.0,01hoofd010,01hoofd0302,01hoofd015,01hoofd020,01hoofd0301,01hoofd040,01hoofd0652,01hoofd1952,08awb450202,01hoofd060,0,0,0,0,0,0,0,0,0,0,0,0,0,0,0,0,0,0,0,0,0,0,0,0,0,0,0,15.0,7,14,BPIC15_1_f2,randomForestClassifier
0.0,1.0,0.0,0.0,0.0,0.0,0.0,0.0,0.0,0.0,1.0,0.0,560894.0,-1.5726362324942174e-06,0.0,0,0,0,0,0,0,0,0,0,0,0,0,0,0,0,0,0,0,0,0,0,0,0,0,0,0,0,0,0,0,0,0,0,0,0,0,0,20.0,7,15,BPIC15_1_f2,randomForestClassifier
0.0,0.0,0.0,0.0,0.0,1.0,0.0,0.0,0.0,0.0,0.0,0.0,4901428.0,-1.5726362324942174e-06,0.0,0,0,0,0,0,0,0,0,0,0,0,0,0,0,0,0,0,0,0,0,0,0,0,0,0,0,0,0,0,0,0,0,0,0,0,0,0,20.0,7,16,BPIC15_1_f2,randomForestClassifier
0.0,1.0,0.0,0.0,0.0,0.0,0.0,0.0,0.0,0.0,0.0,0.0,560894.0,132.0475227789528,0.0,05eind020,01hoofd010,01hoofd015,0,0,0,0,0,0,0,0,0,0,0,0,0,0,0,0,0,0,0,0,0,0,0,0,0,0,0,0,0,0,0,0,0,0,20.0,7,17,BPIC15_1_f2,randomForestClassifier
0.0,1.0,0.0,0.0,0.0,0.0,0.0,0.0,0.0,0.0,0.0,0.0,560912.0,-1.5726362324942174e-06,0.0,01hoofd010,01hoofd0302,01hoofd015,01hoofd020,01hoofd0301,01hoofd040,01hoofd0652,01hoofd1952,08awb450202,01hoofd060,0,0,0,0,0,0,0,0,0,0,0,0,0,0,0,0,0,0,0,0,0,0,0,0,0,0,0,20.0,7,18,BPIC15_1_f2,randomForestClassifier
0.0,1.0,0.0,0.0,0.0,0.0,0.0,0.0,0.0,0.0,0.0,0.0,560912.0,-1.5726362324942174e-06,0.0,01hoofd010,01hoofd0302,01hoofd015,01hoofd020,01hoofd0301,01hoofd040,01hoofd060,01hoofd100,0,0,0,0,0,0,0,0,0,0,0,0,0,0,0,0,0,0,0,0,0,0,0,0,0,0,0,0,0,20.0,7,19,BPIC15_1_f2,randomForestClassifier
0.0,1.0,0.0,0.0,0.0,0.0,0.0,0.0,0.0,0.0,0.0,0.0,4901428.0,154.60619899285714,0.0,01hoofd010,01hoofd011,01hoofd020,0,0,0,0,01hoofd0301,01hoofd101,01hoofd015,0,01hoofd0302,0,01hoofd180,0,08awb45010,0,08awb450201,0,08awb450202,08awb45030,08awb45040,0,0,0,0,0,0,0,0,0,0,0,0,0,0,0,5.0,8,0,BPIC15_1_f2,randomForestClassifier
0.0,1.0,0.0,0.0,0.0,0.0,0.0,0.0,0.0,0.0,0.0,0.0,4901428.0,154.60619899285714,0.0,01hoofd010,01hoofd011,01hoofd020,0,0,0,0,01hoofd0301,01hoofd015,01hoofd101,0,01hoofd180,0,08awb45010,0,0,0,08awb450202,08awb45030,08awb45040,0,0,0,0,0,0,0,0,0,0,0,0,0,0,0,0,0,5.0,8,1,BPIC15_1_f2,randomForestClassifier
0.0,1.0,0.0,0.0,0.0,0.0,0.0,0.0,0.0,0.0,0.0,0.0,560894.0,132.0475227789528,0.0,05eind020,01hoofd010,01hoofd015,0,0,0,0,0,0,0,0,0,0,0,0,0,0,0,0,0,0,0,0,0,0,0,0,0,0,0,0,0,0,0,0,0,0,5.0,8,2,BPIC15_1_f2,randomForestClassifier
0.0,1.0,0.0,0.0,0.0,0.0,0.0,0.0,0.0,0.0,0.0,0.0,4901428.0,488.72925606419943,0.0,01hoofd010,01hoofd011,01hoofd020,0,0,0,0,01hoofd0301,01hoofd015,01hoofd101,0,0,01hoofd180,0,08awb45010,0,08awb450201,0,08awb450202,08awb45030,08awb45040,0,0,0,0,0,0,0,0,0,0,0,0,0,0,0,0,5.0,8,3,BPIC15_1_f2,randomForestClassifier
0.0,1.0,0.0,0.0,0.0,0.0,0.0,0.0,0.0,0.0,0.0,0.0,4901428.0,562.9385853267117,0.0,01hoofd010,01hoofd011,01hoofd020,0,0,0,0,01hoofd015,01hoofd061,01hoofd0301,01hoofd0302,0,01hoofd180,0,08awb45010,0,0,08awb450201,08awb450202,08awb45030,08awb45040,0,0,0,0,0,0,0,0,0,0,0,0,0,0,0,0,5.0,8,4,BPIC15_1_f2,randomForestClassifier
0.0,1.0,0.0,0.0,0.0,0.0,0.0,0.0,0.0,0.0,0.0,0.0,4901428.0,154.60619899285714,0.0,01hoofd010,01hoofd011,01hoofd020,0,0,0,0,01hoofd0301,01hoofd101,01hoofd015,0,01hoofd0302,0,01hoofd180,0,08awb45010,0,08awb450201,0,08awb450202,08awb45030,08awb45040,0,0,0,0,0,0,0,0,0,0,0,0,0,0,0,10.0,8,5,BPIC15_1_f2,randomForestClassifier
0.0,1.0,0.0,0.0,1.0,0.0,0.0,0.0,0.0,0.0,0.0,0.0,4901428.0,646.707399385096,0.0,01hoofd010,01hoofd011,01hoofd020,0,0,0,0,01hoofd0301,01hoofd061,01hoofd015,01hoofd101,01hoofd0302,0,01hoofd180,0,08awb45010,0,08awb450201,0,08awb450202,08awb45030,08awb45040,0,0,0,0,0,0,0,0,0,0,0,0,0,0,0,10.0,8,6,BPIC15_1_f2,randomForestClassifier
0.0,1.0,0.0,0.0,0.0,0.0,0.0,0.0,0.0,0.0,0.0,0.0,4901428.0,154.60619899285714,0.0,01hoofd010,01hoofd011,01hoofd020,0,0,0,0,01hoofd0301,01hoofd015,01hoofd101,0,01hoofd180,0,08awb45010,0,0,0,08awb450202,08awb45030,08awb45040,0,0,0,0,0,0,0,0,0,0,0,0,0,0,0,0,0,10.0,8,7,BPIC15_1_f2,randomForestClassifier
0.0,1.0,0.0,0.0,0.0,0.0,0.0,0.0,0.0,0.0,0.0,0.0,560894.0,132.0475227789528,0.0,05eind020,01hoofd010,01hoofd015,0,0,0,0,0,0,0,0,0,0,0,0,0,0,0,0,0,0,0,0,0,0,0,0,0,0,0,0,0,0,0,0,0,0,10.0,8,8,BPIC15_1_f2,randomForestClassifier
0.0,0.0,0.0,0.0,0.0,0.0,0.0,0.0,1.0,0.0,0.0,0.0,4901428.0,-1.5726362324942174e-06,0.0,01hoofd010,01hoofd011,01hoofd020,0,0,0,0,0,01hoofd101,01hoofd0301,01hoofd015,01hoofd0302,0,01hoofd180,0,08awb45010,0,08awb450201,0,08awb450202,08awb45030,08awb45040,0,0,0,0,0,0,0,0,0,0,0,0,0,0,0,10.0,8,9,BPIC15_1_f2,randomForestClassifier
0.0,1.0,0.0,0.0,0.0,0.0,0.0,0.0,0.0,0.0,0.0,0.0,4901428.0,154.60619899285714,0.0,01hoofd010,01hoofd011,01hoofd020,0,0,0,0,01hoofd0301,01hoofd101,01hoofd015,0,01hoofd0302,0,01hoofd180,0,08awb45010,0,08awb450201,0,08awb450202,08awb45030,08awb45040,0,0,0,0,0,0,0,0,0,0,0,0,0,0,0,15.0,8,10,BPIC15_1_f2,randomForestClassifier
0.0,1.0,0.0,0.0,1.0,0.0,0.0,0.0,0.0,0.0,0.0,0.0,4901428.0,646.707399385096,0.0,01hoofd010,01hoofd011,01hoofd020,0,0,0,0,01hoofd0301,01hoofd061,01hoofd015,01hoofd101,01hoofd0302,0,01hoofd180,0,08awb45010,0,08awb450201,0,08awb450202,08awb45030,08awb45040,0,0,0,0,0,0,0,0,0,0,0,0,0,0,0,15.0,8,11,BPIC15_1_f2,randomForestClassifier
0.0,1.0,0.0,0.0,0.0,0.0,0.0,0.0,0.0,0.0,0.0,0.0,4901428.0,154.60619899285714,0.0,01hoofd010,01hoofd011,01hoofd020,0,0,0,0,01hoofd0301,01hoofd015,01hoofd101,0,01hoofd180,0,08awb45010,0,0,0,08awb450202,08awb45030,08awb45040,0,0,0,0,0,0,0,0,0,0,0,0,0,0,0,0,0,15.0,8,12,BPIC15_1_f2,randomForestClassifier
0.0,0.0,0.0,0.0,0.0,0.0,0.0,0.0,1.0,0.0,0.0,0.0,4901428.0,-1.5726362324942174e-06,0.0,01hoofd010,01hoofd011,01hoofd020,0,0,0,0,0,01hoofd101,01hoofd0301,01hoofd015,01hoofd0302,0,01hoofd180,0,08awb45010,0,08awb450201,0,08awb450202,08awb45030,08awb45040,0,0,0,0,0,0,0,0,0,0,0,0,0,0,0,15.0,8,13,BPIC15_1_f2,randomForestClassifier
0.0,1.0,0.0,0.0,0.0,0.0,0.0,0.0,0.0,0.0,0.0,0.0,560894.0,132.0475227789528,0.0,05eind020,01hoofd010,01hoofd015,0,0,0,0,0,0,0,0,0,0,0,0,0,0,0,0,0,0,0,0,0,0,0,0,0,0,0,0,0,0,0,0,0,0,15.0,8,14,BPIC15_1_f2,randomForestClassifier
0.0,1.0,0.0,0.0,0.0,0.0,0.0,0.0,0.0,0.0,0.0,0.0,4901428.0,154.60619899285714,0.0,01hoofd010,01hoofd011,01hoofd020,0,0,0,0,01hoofd0301,01hoofd101,01hoofd015,0,01hoofd0302,0,01hoofd180,0,08awb45010,0,08awb450201,0,08awb450202,08awb45030,08awb45040,0,0,0,0,0,0,0,0,0,0,0,0,0,0,0,20.0,8,15,BPIC15_1_f2,randomForestClassifier
0.0,1.0,0.0,0.0,0.0,0.0,0.0,0.0,0.0,0.0,0.0,0.0,4901428.0,154.60619899285714,0.0,01hoofd010,01hoofd011,01hoofd020,0,0,0,0,01hoofd0301,01hoofd015,01hoofd101,0,01hoofd180,0,08awb45010,0,0,0,08awb450202,08awb45030,08awb45040,0,0,0,0,0,0,0,0,0,0,0,0,0,0,0,0,0,20.0,8,16,BPIC15_1_f2,randomForestClassifier
0.0,1.0,0.0,0.0,1.0,0.0,0.0,0.0,0.0,0.0,0.0,0.0,4901428.0,646.707399385096,0.0,01hoofd010,01hoofd011,01hoofd020,0,0,0,0,01hoofd0301,01hoofd061,01hoofd015,01hoofd101,01hoofd0302,0,01hoofd180,0,08awb45010,0,08awb450201,0,08awb450202,08awb45030,08awb45040,0,0,0,0,0,0,0,0,0,0,0,0,0,0,0,20.0,8,17,BPIC15_1_f2,randomForestClassifier
0.0,1.0,0.0,0.0,0.0,0.0,0.0,0.0,0.0,0.0,0.0,0.0,560894.0,132.0475227789528,0.0,05eind020,01hoofd010,01hoofd015,0,0,0,0,0,0,0,0,0,0,0,0,0,0,0,0,0,0,0,0,0,0,0,0,0,0,0,0,0,0,0,0,0,0,20.0,8,18,BPIC15_1_f2,randomForestClassifier
0.0,0.0,0.0,0.0,0.0,0.0,0.0,0.0,1.0,0.0,0.0,0.0,4901428.0,-1.5726362324942174e-06,0.0,01hoofd010,01hoofd011,01hoofd020,0,0,0,0,0,01hoofd101,01hoofd0301,01hoofd015,01hoofd0302,0,01hoofd180,0,08awb45010,0,08awb450201,0,08awb450202,08awb45030,08awb45040,0,0,0,0,0,0,0,0,0,0,0,0,0,0,0,20.0,8,19,BPIC15_1_f2,randomForestClassifier
0.0,1.0,0.0,0.0,0.0,0.0,0.0,0.0,0.0,0.0,0.0,0.0,4901428.0,154.60619899285714,0.0,01hoofd010,01hoofd011,01hoofd020,0,0,0,0,01hoofd0301,01hoofd015,01hoofd101,0,01hoofd180,0,08awb45010,0,0,0,08awb450202,08awb45030,08awb45040,0,0,0,0,0,0,0,0,0,0,0,0,0,0,0,0,0,5.0,9,0,BPIC15_1_f2,randomForestClassifier
0.0,0.0,0.0,0.0,0.0,1.0,0.0,0.0,0.0,0.0,0.0,0.0,4901428.0,-1.5726362324942174e-06,0.0,0,0,0,0,0,0,0,0,0,0,0,0,0,0,0,0,0,0,0,0,0,0,0,0,0,0,0,0,0,0,0,0,0,0,0,0,0,5.0,9,1,BPIC15_1_f2,randomForestClassifier
0.0,0.0,0.0,0.0,0.0,0.0,0.0,0.0,1.0,0.0,0.0,0.0,4901428.0,-1.5726362324942174e-06,0.0,01hoofd010,01hoofd011,01hoofd020,0,0,0,0,0,01hoofd101,01hoofd0301,01hoofd015,01hoofd0302,0,01hoofd180,0,08awb45010,0,08awb450201,0,08awb450202,08awb45030,08awb45040,0,0,0,0,0,0,0,0,0,0,0,0,0,0,0,5.0,9,2,BPIC15_1_f2,randomForestClassifier
0.0,1.0,0.0,0.0,0.0,0.0,0.0,0.0,0.0,0.0,0.0,0.0,4901428.0,154.60619899285714,0.0,01hoofd010,01hoofd011,01hoofd020,0,0,0,0,01hoofd0301,01hoofd101,01hoofd015,0,01hoofd0302,0,01hoofd180,0,08awb45010,0,08awb450201,0,08awb450202,08awb45030,08awb45040,0,0,0,0,0,0,0,0,0,0,0,0,0,0,0,5.0,9,3,BPIC15_1_f2,randomForestClassifier
0.0,0.0,0.0,0.0,0.0,0.0,0.0,0.0,0.0,1.0,0.0,0.0,4901428.0,-1.5726362324942174e-06,0.0,01hoofd010,01hoofd011,01hoofd015,01hoofd020,01hoofd0301,01hoofd0302,02drz010,04bpt005,01hoofd061,01hoofd0651,01hoofd0652,0,0,0,0,0,0,0,0,0,0,0,0,0,0,0,0,0,0,0,0,0,0,0,0,0,0,5.0,9,4,BPIC15_1_f2,randomForestClassifier
0.0,1.0,0.0,0.0,0.0,0.0,0.0,0.0,0.0,0.0,0.0,0.0,4901428.0,154.60619899285714,0.0,01hoofd010,01hoofd011,01hoofd020,0,0,0,0,01hoofd0301,01hoofd015,01hoofd101,0,01hoofd180,0,08awb45010,0,0,0,08awb450202,08awb45030,08awb45040,0,0,0,0,0,0,0,0,0,0,0,0,0,0,0,0,0,10.0,9,5,BPIC15_1_f2,randomForestClassifier
0.0,0.0,0.0,0.0,0.0,1.0,0.0,0.0,0.0,0.0,0.0,0.0,4901428.0,-1.5726362324942174e-06,0.0,0,0,0,0,0,0,0,0,0,0,0,0,0,0,0,0,0,0,0,0,0,0,0,0,0,0,0,0,0,0,0,0,0,0,0,0,0,10.0,9,6,BPIC15_1_f2,randomForestClassifier
0.0,0.0,0.0,0.0,0.0,0.0,0.0,0.0,1.0,0.0,0.0,0.0,4901428.0,-1.5726362324942174e-06,0.0,01hoofd010,01hoofd011,01hoofd020,0,0,0,0,0,01hoofd101,01hoofd0301,01hoofd015,01hoofd0302,0,01hoofd180,0,08awb45010,0,08awb450201,0,08awb450202,08awb45030,08awb45040,0,0,0,0,0,0,0,0,0,0,0,0,0,0,0,10.0,9,7,BPIC15_1_f2,randomForestClassifier
0.0,1.0,0.0,0.0,0.0,0.0,0.0,0.0,0.0,0.0,0.0,0.0,4901428.0,154.60619899285714,0.0,01hoofd010,01hoofd011,01hoofd020,0,0,0,0,01hoofd0301,01hoofd101,01hoofd015,0,01hoofd0302,0,01hoofd180,0,08awb45010,0,08awb450201,0,08awb450202,08awb45030,08awb45040,0,0,0,0,0,0,0,0,0,0,0,0,0,0,0,10.0,9,8,BPIC15_1_f2,randomForestClassifier
0.0,0.0,0.0,0.0,0.0,0.0,0.0,0.0,0.0,1.0,0.0,0.0,4901428.0,-1.5726362324942174e-06,0.0,01hoofd010,01hoofd011,01hoofd015,01hoofd020,01hoofd0301,01hoofd0302,02drz010,04bpt005,01hoofd061,01hoofd0651,01hoofd0652,0,0,0,0,0,0,0,0,0,0,0,0,0,0,0,0,0,0,0,0,0,0,0,0,0,0,10.0,9,9,BPIC15_1_f2,randomForestClassifier
0.0,1.0,0.0,0.0,0.0,0.0,0.0,0.0,0.0,0.0,0.0,0.0,4901428.0,154.60619899285714,0.0,01hoofd010,01hoofd011,01hoofd020,0,0,0,0,01hoofd0301,01hoofd015,01hoofd101,0,01hoofd180,0,08awb45010,0,0,0,08awb450202,08awb45030,08awb45040,0,0,0,0,0,0,0,0,0,0,0,0,0,0,0,0,0,15.0,9,10,BPIC15_1_f2,randomForestClassifier
0.0,0.0,0.0,0.0,0.0,1.0,0.0,0.0,0.0,0.0,0.0,0.0,4901428.0,-1.5726362324942174e-06,0.0,0,0,0,0,0,0,0,0,0,0,0,0,0,0,0,0,0,0,0,0,0,0,0,0,0,0,0,0,0,0,0,0,0,0,0,0,0,15.0,9,11,BPIC15_1_f2,randomForestClassifier
0.0,0.0,0.0,0.0,0.0,0.0,0.0,0.0,1.0,0.0,0.0,0.0,4901428.0,-1.5726362324942174e-06,0.0,01hoofd010,01hoofd011,01hoofd020,0,0,0,0,0,01hoofd101,01hoofd0301,01hoofd015,01hoofd0302,0,01hoofd180,0,08awb45010,0,08awb450201,0,08awb450202,08awb45030,08awb45040,0,0,0,0,0,0,0,0,0,0,0,0,0,0,0,15.0,9,12,BPIC15_1_f2,randomForestClassifier
0.0,1.0,0.0,0.0,1.0,0.0,0.0,0.0,0.0,0.0,0.0,0.0,4901428.0,646.707399385096,0.0,01hoofd010,01hoofd011,01hoofd020,0,0,0,0,01hoofd0301,01hoofd061,01hoofd015,01hoofd101,01hoofd0302,0,01hoofd180,0,08awb45010,0,08awb450201,0,08awb450202,08awb45030,08awb45040,0,0,0,0,0,0,0,0,0,0,0,0,0,0,0,15.0,9,13,BPIC15_1_f2,randomForestClassifier
0.0,1.0,0.0,0.0,0.0,0.0,0.0,0.0,0.0,0.0,0.0,0.0,4901428.0,488.72925606419943,0.0,01hoofd010,01hoofd011,01hoofd020,0,0,0,0,01hoofd0301,01hoofd015,01hoofd101,0,0,01hoofd180,0,08awb45010,0,08awb450201,0,08awb450202,08awb45030,08awb45040,0,0,0,0,0,0,0,0,0,0,0,0,0,0,0,0,15.0,9,14,BPIC15_1_f2,randomForestClassifier
0.0,1.0,0.0,0.0,0.0,0.0,0.0,0.0,0.0,0.0,0.0,0.0,4901428.0,154.60619899285714,0.0,01hoofd010,01hoofd011,01hoofd020,0,0,0,0,01hoofd0301,01hoofd015,01hoofd101,0,01hoofd180,0,08awb45010,0,0,0,08awb450202,08awb45030,08awb45040,0,0,0,0,0,0,0,0,0,0,0,0,0,0,0,0,0,20.0,9,15,BPIC15_1_f2,randomForestClassifier
0.0,0.0,0.0,0.0,0.0,0.0,0.0,0.0,1.0,0.0,0.0,0.0,4901428.0,-1.5726362324942174e-06,0.0,01hoofd010,01hoofd011,01hoofd020,0,0,0,0,0,01hoofd101,01hoofd0301,01hoofd015,01hoofd0302,0,01hoofd180,0,08awb45010,0,08awb450201,0,08awb450202,08awb45030,08awb45040,0,0,0,0,0,0,0,0,0,0,0,0,0,0,0,20.0,9,16,BPIC15_1_f2,randomForestClassifier
0.0,0.0,0.0,0.0,0.0,1.0,0.0,0.0,0.0,0.0,0.0,0.0,4901428.0,-1.5726362324942174e-06,0.0,0,0,0,0,0,0,0,0,0,0,0,0,0,0,0,0,0,0,0,0,0,0,0,0,0,0,0,0,0,0,0,0,0,0,0,0,0,20.0,9,17,BPIC15_1_f2,randomForestClassifier
0.0,1.0,0.0,0.0,0.0,0.0,0.0,0.0,0.0,0.0,0.0,0.0,4901428.0,154.60619899285714,0.0,01hoofd010,01hoofd011,01hoofd020,0,0,0,0,01hoofd0301,01hoofd101,01hoofd015,0,01hoofd0302,0,01hoofd180,0,08awb45010,0,08awb450201,0,08awb450202,08awb45030,08awb45040,0,0,0,0,0,0,0,0,0,0,0,0,0,0,0,20.0,9,18,BPIC15_1_f2,randomForestClassifier
0.0,1.0,0.0,0.0,0.0,0.0,0.0,0.0,0.0,0.0,0.0,0.0,4901428.0,488.72925606419943,0.0,01hoofd010,01hoofd011,01hoofd020,0,0,0,0,01hoofd0301,01hoofd015,01hoofd101,0,0,01hoofd180,0,08awb45010,0,08awb450201,0,08awb450202,08awb45030,08awb45040,0,0,0,0,0,0,0,0,0,0,0,0,0,0,0,0,20.0,9,19,BPIC15_1_f2,randomForestClassifier
0.0,1.0,0.0,0.0,0.0,0.0,0.0,0.0,0.0,0.0,0.0,0.0,560894.0,132.0475227789528,0.0,05eind020,01hoofd010,01hoofd015,0,0,0,0,0,0,0,0,0,0,0,0,0,0,0,0,0,0,0,0,0,0,0,0,0,0,0,0,0,0,0,0,0,0,5.0,10,0,BPIC15_1_f2,randomForestClassifier
0.0,0.0,0.0,0.0,0.0,0.0,0.0,0.0,1.0,0.0,0.0,0.0,4901428.0,-1.5726362324942174e-06,0.0,01hoofd010,01hoofd011,01hoofd020,0,0,0,0,0,01hoofd101,01hoofd0301,01hoofd015,01hoofd0302,0,01hoofd180,0,08awb45010,0,08awb450201,0,08awb450202,08awb45030,08awb45040,0,0,0,0,0,0,0,0,0,0,0,0,0,0,0,5.0,10,1,BPIC15_1_f2,randomForestClassifier
0.0,1.0,0.0,0.0,0.0,0.0,0.0,0.0,0.0,0.0,0.0,0.0,4901428.0,154.60619899285714,0.0,01hoofd010,01hoofd011,01hoofd020,0,0,0,0,01hoofd0301,01hoofd101,01hoofd015,0,01hoofd0302,0,01hoofd180,0,08awb45010,0,08awb450201,0,08awb450202,08awb45030,08awb45040,0,0,0,0,0,0,0,0,0,0,0,0,0,0,0,5.0,10,2,BPIC15_1_f2,randomForestClassifier
0.0,1.0,0.0,0.0,0.0,0.0,0.0,0.0,0.0,0.0,0.0,0.0,4901428.0,154.60619899285714,0.0,01hoofd010,01hoofd011,01hoofd020,0,0,0,0,01hoofd0301,01hoofd015,01hoofd101,0,01hoofd180,0,08awb45010,0,0,0,08awb450202,08awb45030,08awb45040,0,0,0,0,0,0,0,0,0,0,0,0,0,0,0,0,0,5.0,10,3,BPIC15_1_f2,randomForestClassifier
0.0,1.0,0.0,0.0,1.0,0.0,0.0,0.0,0.0,0.0,0.0,0.0,4901428.0,29424.072922125295,0.0,01hoofd010,01hoofd011,01hoofd020,0,0,0,0,0,01hoofd015,01hoofd0301,01hoofd101,01hoofd0302,0,01hoofd180,0,08awb45005,08awb45010,0,08awb450201,0,08awb450202,08awb45030,08awb45040,0,08awb45045,0,0,0,0,0,0,0,0,01hoofd4401,0,0,0,5.0,10,4,BPIC15_1_f2,randomForestClassifier
0.0,0.0,0.0,0.0,0.0,1.0,0.0,0.0,0.0,0.0,0.0,0.0,4901428.0,-1.5726362324942174e-06,0.0,0,0,0,0,0,0,0,0,0,0,0,0,0,0,0,0,0,0,0,0,0,0,0,0,0,0,0,0,0,0,0,0,0,0,0,0,0,10.0,10,5,BPIC15_1_f2,randomForestClassifier
0.0,1.0,0.0,0.0,0.0,0.0,0.0,0.0,0.0,0.0,0.0,0.0,560894.0,132.0475227789528,0.0,05eind020,01hoofd010,01hoofd015,0,0,0,0,0,0,0,0,0,0,0,0,0,0,0,0,0,0,0,0,0,0,0,0,0,0,0,0,0,0,0,0,0,0,10.0,10,6,BPIC15_1_f2,randomForestClassifier
0.0,1.0,0.0,0.0,0.0,0.0,0.0,0.0,0.0,0.0,1.0,0.0,560894.0,-1.5726362324942174e-06,0.0,0,0,0,0,0,0,0,0,0,0,0,0,0,0,0,0,0,0,0,0,0,0,0,0,0,0,0,0,0,0,0,0,0,0,0,0,0,10.0,10,7,BPIC15_1_f2,randomForestClassifier
0.0,0.0,0.0,0.0,0.0,0.0,0.0,0.0,1.0,0.0,0.0,0.0,4901428.0,-1.5726362324942174e-06,0.0,01hoofd010,01hoofd011,01hoofd020,0,0,0,0,0,01hoofd101,01hoofd0301,01hoofd015,01hoofd0302,0,01hoofd180,0,08awb45010,0,08awb450201,0,08awb450202,08awb45030,08awb45040,0,0,0,0,0,0,0,0,0,0,0,0,0,0,0,10.0,10,8,BPIC15_1_f2,randomForestClassifier
0.0,1.0,0.0,0.0,0.0,0.0,0.0,0.0,0.0,0.0,0.0,0.0,4901428.0,154.60619899285714,0.0,01hoofd010,01hoofd011,01hoofd020,0,0,0,0,01hoofd0301,01hoofd101,01hoofd015,0,01hoofd0302,0,01hoofd180,0,08awb45010,0,08awb450201,0,08awb450202,08awb45030,08awb45040,0,0,0,0,0,0,0,0,0,0,0,0,0,0,0,10.0,10,9,BPIC15_1_f2,randomForestClassifier
0.0,0.0,0.0,0.0,0.0,1.0,0.0,0.0,0.0,0.0,0.0,0.0,4901428.0,-1.5726362324942174e-06,0.0,0,0,0,0,0,0,0,0,0,0,0,0,0,0,0,0,0,0,0,0,0,0,0,0,0,0,0,0,0,0,0,0,0,0,0,0,0,15.0,10,10,BPIC15_1_f2,randomForestClassifier
0.0,1.0,0.0,0.0,0.0,0.0,0.0,0.0,0.0,0.0,0.0,0.0,560894.0,132.0475227789528,0.0,05eind020,01hoofd010,01hoofd015,0,0,0,0,0,0,0,0,0,0,0,0,0,0,0,0,0,0,0,0,0,0,0,0,0,0,0,0,0,0,0,0,0,0,15.0,10,11,BPIC15_1_f2,randomForestClassifier
0.0,1.0,0.0,0.0,0.0,0.0,0.0,0.0,0.0,0.0,1.0,0.0,560894.0,-1.5726362324942174e-06,0.0,0,0,0,0,0,0,0,0,0,0,0,0,0,0,0,0,0,0,0,0,0,0,0,0,0,0,0,0,0,0,0,0,0,0,0,0,0,15.0,10,12,BPIC15_1_f2,randomForestClassifier
0.0,0.0,0.0,0.0,0.0,0.0,0.0,0.0,1.0,0.0,0.0,0.0,4901428.0,-1.5726362324942174e-06,0.0,01hoofd010,01hoofd011,01hoofd020,0,0,0,0,0,01hoofd101,01hoofd0301,01hoofd015,01hoofd0302,0,01hoofd180,0,08awb45010,0,08awb450201,0,08awb450202,08awb45030,08awb45040,0,0,0,0,0,0,0,0,0,0,0,0,0,0,0,15.0,10,13,BPIC15_1_f2,randomForestClassifier
0.0,1.0,0.0,0.0,0.0,0.0,0.0,0.0,0.0,0.0,0.0,0.0,4901428.0,154.60619899285714,0.0,01hoofd010,01hoofd011,01hoofd020,0,0,0,0,01hoofd0301,01hoofd101,01hoofd015,0,01hoofd0302,0,01hoofd180,0,08awb45010,0,08awb450201,0,08awb450202,08awb45030,08awb45040,0,0,0,0,0,0,0,0,0,0,0,0,0,0,0,15.0,10,14,BPIC15_1_f2,randomForestClassifier
0.0,0.0,0.0,0.0,0.0,1.0,0.0,0.0,0.0,0.0,0.0,0.0,4901428.0,-1.5726362324942174e-06,0.0,0,0,0,0,0,0,0,0,0,0,0,0,0,0,0,0,0,0,0,0,0,0,0,0,0,0,0,0,0,0,0,0,0,0,0,0,0,20.0,10,15,BPIC15_1_f2,randomForestClassifier
0.0,1.0,0.0,0.0,0.0,0.0,0.0,0.0,0.0,0.0,0.0,0.0,560894.0,132.0475227789528,0.0,05eind020,01hoofd010,01hoofd015,0,0,0,0,0,0,0,0,0,0,0,0,0,0,0,0,0,0,0,0,0,0,0,0,0,0,0,0,0,0,0,0,0,0,20.0,10,16,BPIC15_1_f2,randomForestClassifier
0.0,1.0,0.0,0.0,0.0,0.0,0.0,0.0,0.0,0.0,1.0,0.0,560894.0,-1.5726362324942174e-06,0.0,0,0,0,0,0,0,0,0,0,0,0,0,0,0,0,0,0,0,0,0,0,0,0,0,0,0,0,0,0,0,0,0,0,0,0,0,0,20.0,10,17,BPIC15_1_f2,randomForestClassifier
0.0,0.0,0.0,0.0,0.0,0.0,0.0,0.0,1.0,0.0,0.0,0.0,4901428.0,-1.5726362324942174e-06,0.0,01hoofd010,01hoofd011,01hoofd020,0,0,0,0,0,01hoofd101,01hoofd0301,01hoofd015,01hoofd0302,0,01hoofd180,0,08awb45010,0,08awb450201,0,08awb450202,08awb45030,08awb45040,0,0,0,0,0,0,0,0,0,0,0,0,0,0,0,20.0,10,18,BPIC15_1_f2,randomForestClassifier
0.0,1.0,0.0,0.0,0.0,0.0,0.0,0.0,0.0,0.0,0.0,0.0,4901428.0,154.60619899285714,0.0,01hoofd010,01hoofd011,01hoofd020,0,0,0,0,01hoofd0301,01hoofd101,01hoofd015,0,01hoofd0302,0,01hoofd180,0,08awb45010,0,08awb450201,0,08awb450202,08awb45030,08awb45040,0,0,0,0,0,0,0,0,0,0,0,0,0,0,0,20.0,10,19,BPIC15_1_f2,randomForestClassifier
0.0,1.0,0.0,0.0,0.0,0.0,0.0,0.0,0.0,0.0,1.0,0.0,560894.0,-1.5726362324942174e-06,0.0,0,0,0,0,0,0,0,0,0,0,0,0,0,0,0,0,0,0,0,0,0,0,0,0,0,0,0,0,0,0,0,0,0,0,0,0,0,5.0,11,0,BPIC15_1_f2,randomForestClassifier
0.0,0.0,0.0,0.0,0.0,0.0,0.0,0.0,1.0,0.0,0.0,0.0,4901428.0,-1.5726362324942174e-06,0.0,01hoofd010,01hoofd011,01hoofd020,0,0,0,0,0,01hoofd101,01hoofd0301,01hoofd015,01hoofd0302,0,01hoofd180,0,08awb45010,0,08awb450201,0,08awb450202,08awb45030,08awb45040,0,0,0,0,0,0,0,0,0,0,0,0,0,0,0,5.0,11,1,BPIC15_1_f2,randomForestClassifier
0.0,0.0,0.0,0.0,0.0,1.0,0.0,0.0,0.0,0.0,0.0,0.0,4901428.0,-1.5726362324942174e-06,0.0,0,0,0,0,0,0,0,0,0,0,0,0,0,0,0,0,0,0,0,0,0,0,0,0,0,0,0,0,0,0,0,0,0,0,0,0,0,5.0,11,2,BPIC15_1_f2,randomForestClassifier
0.0,1.0,0.0,0.0,0.0,0.0,0.0,0.0,0.0,0.0,0.0,0.0,560894.0,132.0475227789528,0.0,05eind020,01hoofd010,01hoofd015,0,0,0,0,0,0,0,0,0,0,0,0,0,0,0,0,0,0,0,0,0,0,0,0,0,0,0,0,0,0,0,0,0,0,5.0,11,3,BPIC15_1_f2,randomForestClassifier
0.0,1.0,0.0,0.0,0.0,0.0,0.0,0.0,0.0,0.0,1.0,0.0,560912.0,-1.5726362324942174e-06,0.0,01hoofd010,01hoofd015,01hoofd020,01hoofd0301,01hoofd040,01hoofd0302,01hoofd100,08awb450202,01hoofd0652,01hoofd060,01hoofd0651,01hoofd100,0,0,0,0,0,0,0,0,0,0,0,0,0,0,0,0,0,0,0,0,0,0,0,0,0,5.0,11,4,BPIC15_1_f2,randomForestClassifier
0.0,0.0,0.0,0.0,0.0,0.0,0.0,0.0,1.0,0.0,0.0,0.0,4901428.0,-1.5726362324942174e-06,0.0,01hoofd010,01hoofd011,01hoofd020,0,0,0,0,0,01hoofd101,01hoofd0301,01hoofd015,01hoofd0302,0,01hoofd180,0,08awb45010,0,08awb450201,0,08awb450202,08awb45030,08awb45040,0,0,0,0,0,0,0,0,0,0,0,0,0,0,0,10.0,11,5,BPIC15_1_f2,randomForestClassifier
0.0,1.0,0.0,0.0,0.0,0.0,0.0,0.0,0.0,0.0,1.0,0.0,560894.0,-1.5726362324942174e-06,0.0,0,0,0,0,0,0,0,0,0,0,0,0,0,0,0,0,0,0,0,0,0,0,0,0,0,0,0,0,0,0,0,0,0,0,0,0,0,10.0,11,6,BPIC15_1_f2,randomForestClassifier
0.0,0.0,0.0,0.0,0.0,1.0,0.0,0.0,0.0,0.0,0.0,0.0,4901428.0,-1.5726362324942174e-06,0.0,0,0,0,0,0,0,0,0,0,0,0,0,0,0,0,0,0,0,0,0,0,0,0,0,0,0,0,0,0,0,0,0,0,0,0,0,0,10.0,11,7,BPIC15_1_f2,randomForestClassifier
0.0,1.0,0.0,0.0,0.0,0.0,0.0,0.0,0.0,0.0,0.0,0.0,560894.0,132.0475227789528,0.0,05eind020,01hoofd010,01hoofd015,0,0,0,0,0,0,0,0,0,0,0,0,0,0,0,0,0,0,0,0,0,0,0,0,0,0,0,0,0,0,0,0,0,0,10.0,11,8,BPIC15_1_f2,randomForestClassifier
0.0,1.0,0.0,0.0,0.0,0.0,0.0,0.0,0.0,0.0,1.0,0.0,560912.0,-1.5726362324942174e-06,0.0,01hoofd010,01hoofd015,01hoofd020,01hoofd0301,01hoofd040,01hoofd0302,01hoofd100,08awb450202,01hoofd0652,01hoofd060,01hoofd0651,01hoofd100,0,0,0,0,0,0,0,0,0,0,0,0,0,0,0,0,0,0,0,0,0,0,0,0,0,10.0,11,9,BPIC15_1_f2,randomForestClassifier
0.0,1.0,0.0,0.0,0.0,0.0,0.0,0.0,0.0,0.0,1.0,0.0,560894.0,-1.5726362324942174e-06,0.0,0,0,0,0,0,0,0,0,0,0,0,0,0,0,0,0,0,0,0,0,0,0,0,0,0,0,0,0,0,0,0,0,0,0,0,0,0,15.0,11,10,BPIC15_1_f2,randomForestClassifier
0.0,0.0,0.0,0.0,0.0,0.0,0.0,0.0,1.0,0.0,0.0,0.0,4901428.0,-1.5726362324942174e-06,0.0,01hoofd010,01hoofd011,01hoofd020,0,0,0,0,0,01hoofd101,01hoofd0301,01hoofd015,01hoofd0302,0,01hoofd180,0,08awb45010,0,08awb450201,0,08awb450202,08awb45030,08awb45040,0,0,0,0,0,0,0,0,0,0,0,0,0,0,0,15.0,11,11,BPIC15_1_f2,randomForestClassifier
0.0,0.0,0.0,0.0,0.0,1.0,0.0,0.0,0.0,0.0,0.0,0.0,4901428.0,-1.5726362324942174e-06,0.0,0,0,0,0,0,0,0,0,0,0,0,0,0,0,0,0,0,0,0,0,0,0,0,0,0,0,0,0,0,0,0,0,0,0,0,0,0,15.0,11,12,BPIC15_1_f2,randomForestClassifier
0.0,1.0,0.0,0.0,0.0,0.0,0.0,0.0,0.0,0.0,0.0,0.0,560894.0,132.0475227789528,0.0,05eind020,01hoofd010,01hoofd015,0,0,0,0,0,0,0,0,0,0,0,0,0,0,0,0,0,0,0,0,0,0,0,0,0,0,0,0,0,0,0,0,0,0,15.0,11,13,BPIC15_1_f2,randomForestClassifier
0.0,1.0,0.0,0.0,0.0,0.0,0.0,0.0,0.0,0.0,1.0,0.0,560912.0,-1.5726362324942174e-06,0.0,01hoofd010,01hoofd015,01hoofd020,01hoofd0301,01hoofd040,01hoofd0302,01hoofd100,08awb450202,01hoofd0652,01hoofd060,01hoofd0651,01hoofd100,0,0,0,0,0,0,0,0,0,0,0,0,0,0,0,0,0,0,0,0,0,0,0,0,0,15.0,11,14,BPIC15_1_f2,randomForestClassifier
0.0,0.0,0.0,0.0,0.0,0.0,0.0,0.0,1.0,0.0,0.0,0.0,4901428.0,-1.5726362324942174e-06,0.0,01hoofd010,01hoofd011,01hoofd020,0,0,0,0,0,01hoofd101,01hoofd0301,01hoofd015,01hoofd0302,0,01hoofd180,0,08awb45010,0,08awb450201,0,08awb450202,08awb45030,08awb45040,0,0,0,0,0,0,0,0,0,0,0,0,0,0,0,20.0,11,15,BPIC15_1_f2,randomForestClassifier
0.0,1.0,0.0,0.0,0.0,0.0,0.0,0.0,0.0,0.0,1.0,0.0,560894.0,-1.5726362324942174e-06,0.0,0,0,0,0,0,0,0,0,0,0,0,0,0,0,0,0,0,0,0,0,0,0,0,0,0,0,0,0,0,0,0,0,0,0,0,0,0,20.0,11,16,BPIC15_1_f2,randomForestClassifier
0.0,0.0,0.0,0.0,0.0,1.0,0.0,0.0,0.0,0.0,0.0,0.0,4901428.0,-1.5726362324942174e-06,0.0,0,0,0,0,0,0,0,0,0,0,0,0,0,0,0,0,0,0,0,0,0,0,0,0,0,0,0,0,0,0,0,0,0,0,0,0,0,20.0,11,17,BPIC15_1_f2,randomForestClassifier
0.0,1.0,0.0,0.0,0.0,0.0,0.0,0.0,0.0,0.0,0.0,0.0,560894.0,132.0475227789528,0.0,05eind020,01hoofd010,01hoofd015,0,0,0,0,0,0,0,0,0,0,0,0,0,0,0,0,0,0,0,0,0,0,0,0,0,0,0,0,0,0,0,0,0,0,20.0,11,18,BPIC15_1_f2,randomForestClassifier
0.0,1.0,0.0,0.0,0.0,0.0,0.0,0.0,0.0,0.0,1.0,0.0,560912.0,-1.5726362324942174e-06,0.0,01hoofd010,01hoofd015,01hoofd020,01hoofd0301,01hoofd040,01hoofd0302,01hoofd100,08awb450202,01hoofd0652,01hoofd060,01hoofd0651,01hoofd100,0,0,0,0,0,0,0,0,0,0,0,0,0,0,0,0,0,0,0,0,0,0,0,0,0,20.0,11,19,BPIC15_1_f2,randomForestClassifier
0.0,1.0,0.0,0.0,0.0,0.0,0.0,0.0,0.0,0.0,0.0,0.0,4901428.0,154.60619899285714,0.0,01hoofd010,01hoofd011,01hoofd020,0,0,0,0,01hoofd0301,01hoofd101,01hoofd015,0,01hoofd0302,0,01hoofd180,0,08awb45010,0,08awb450201,0,08awb450202,08awb45030,08awb45040,0,0,0,0,0,0,0,0,0,0,0,0,0,0,0,5.0,12,0,BPIC15_1_f2,randomForestClassifier
0.0,1.0,0.0,0.0,0.0,0.0,0.0,0.0,0.0,0.0,0.0,0.0,4901428.0,154.60619899285714,0.0,01hoofd010,01hoofd011,01hoofd020,0,0,0,0,01hoofd0301,01hoofd015,01hoofd101,0,01hoofd180,0,08awb45010,0,0,0,08awb450202,08awb45030,08awb45040,0,0,0,0,0,0,0,0,0,0,0,0,0,0,0,0,0,5.0,12,1,BPIC15_1_f2,randomForestClassifier
0.0,1.0,0.0,0.0,0.0,0.0,0.0,0.0,0.0,0.0,0.0,0.0,560894.0,132.0475227789528,0.0,05eind020,01hoofd010,01hoofd015,0,0,0,0,0,0,0,0,0,0,0,0,0,0,0,0,0,0,0,0,0,0,0,0,0,0,0,0,0,0,0,0,0,0,5.0,12,2,BPIC15_1_f2,randomForestClassifier
0.0,1.0,0.0,0.0,0.0,0.0,0.0,0.0,0.0,0.0,0.0,0.0,4901428.0,562.9385853267117,0.0,01hoofd010,01hoofd011,01hoofd020,0,0,0,0,01hoofd015,01hoofd061,01hoofd0301,01hoofd0302,0,01hoofd180,0,08awb45010,0,0,08awb450201,08awb450202,08awb45030,08awb45040,0,0,0,0,0,0,0,0,0,0,0,0,0,0,0,0,5.0,12,3,BPIC15_1_f2,randomForestClassifier
0.0,1.0,0.0,0.0,0.0,0.0,0.0,0.0,0.0,0.0,0.0,0.0,4901428.0,488.72925606419943,0.0,01hoofd010,01hoofd011,01hoofd020,0,0,0,0,01hoofd0301,01hoofd015,01hoofd101,0,0,01hoofd180,0,08awb45010,0,08awb450201,0,08awb450202,08awb45030,08awb45040,0,0,0,0,0,0,0,0,0,0,0,0,0,0,0,0,5.0,12,4,BPIC15_1_f2,randomForestClassifier
0.0,1.0,0.0,0.0,1.0,0.0,0.0,0.0,0.0,0.0,0.0,0.0,4901428.0,646.707399385096,0.0,01hoofd010,01hoofd011,01hoofd020,0,0,0,0,01hoofd0301,01hoofd061,01hoofd015,01hoofd101,01hoofd0302,0,01hoofd180,0,08awb45010,0,08awb450201,0,08awb450202,08awb45030,08awb45040,0,0,0,0,0,0,0,0,0,0,0,0,0,0,0,10.0,12,5,BPIC15_1_f2,randomForestClassifier
0.0,1.0,0.0,0.0,0.0,0.0,0.0,0.0,0.0,0.0,0.0,0.0,4901428.0,154.60619899285714,0.0,01hoofd010,01hoofd011,01hoofd020,0,0,0,0,01hoofd0301,01hoofd101,01hoofd015,0,01hoofd0302,0,01hoofd180,0,08awb45010,0,08awb450201,0,08awb450202,08awb45030,08awb45040,0,0,0,0,0,0,0,0,0,0,0,0,0,0,0,10.0,12,6,BPIC15_1_f2,randomForestClassifier
0.0,1.0,0.0,0.0,0.0,0.0,0.0,0.0,0.0,0.0,0.0,0.0,4901428.0,154.60619899285714,0.0,01hoofd010,01hoofd011,01hoofd020,0,0,0,0,01hoofd0301,01hoofd015,01hoofd101,0,01hoofd180,0,08awb45010,0,0,0,08awb450202,08awb45030,08awb45040,0,0,0,0,0,0,0,0,0,0,0,0,0,0,0,0,0,10.0,12,7,BPIC15_1_f2,randomForestClassifier
0.0,1.0,0.0,0.0,0.0,0.0,0.0,0.0,0.0,0.0,0.0,0.0,560894.0,132.0475227789528,0.0,05eind020,01hoofd010,01hoofd015,0,0,0,0,0,0,0,0,0,0,0,0,0,0,0,0,0,0,0,0,0,0,0,0,0,0,0,0,0,0,0,0,0,0,10.0,12,8,BPIC15_1_f2,randomForestClassifier
0.0,1.0,0.0,0.0,1.0,0.0,0.0,0.0,0.0,0.0,0.0,0.0,4901428.0,29424.072922125295,0.0,01hoofd010,01hoofd011,01hoofd020,0,0,0,0,0,01hoofd015,01hoofd0301,01hoofd101,01hoofd0302,0,01hoofd180,0,08awb45005,08awb45010,0,08awb450201,0,08awb450202,08awb45030,08awb45040,0,08awb45045,0,0,0,0,0,0,0,0,01hoofd4401,0,0,0,10.0,12,9,BPIC15_1_f2,randomForestClassifier
0.0,1.0,0.0,0.0,1.0,0.0,0.0,0.0,0.0,0.0,0.0,0.0,4901428.0,646.707399385096,0.0,01hoofd010,01hoofd011,01hoofd020,0,0,0,0,01hoofd0301,01hoofd061,01hoofd015,01hoofd101,01hoofd0302,0,01hoofd180,0,08awb45010,0,08awb450201,0,08awb450202,08awb45030,08awb45040,0,0,0,0,0,0,0,0,0,0,0,0,0,0,0,15.0,12,10,BPIC15_1_f2,randomForestClassifier
0.0,1.0,0.0,0.0,0.0,0.0,0.0,0.0,0.0,0.0,0.0,0.0,4901428.0,154.60619899285714,0.0,01hoofd010,01hoofd011,01hoofd020,0,0,0,0,01hoofd0301,01hoofd101,01hoofd015,0,01hoofd0302,0,01hoofd180,0,08awb45010,0,08awb450201,0,08awb450202,08awb45030,08awb45040,0,0,0,0,0,0,0,0,0,0,0,0,0,0,0,15.0,12,11,BPIC15_1_f2,randomForestClassifier
0.0,1.0,0.0,0.0,0.0,0.0,0.0,0.0,0.0,0.0,0.0,0.0,4901428.0,154.60619899285714,0.0,01hoofd010,01hoofd011,01hoofd020,0,0,0,0,01hoofd0301,01hoofd015,01hoofd101,0,01hoofd180,0,08awb45010,0,0,0,08awb450202,08awb45030,08awb45040,0,0,0,0,0,0,0,0,0,0,0,0,0,0,0,0,0,15.0,12,12,BPIC15_1_f2,randomForestClassifier
0.0,0.0,0.0,0.0,0.0,0.0,0.0,0.0,1.0,0.0,0.0,0.0,4901428.0,-1.5726362324942174e-06,0.0,01hoofd010,01hoofd011,01hoofd020,0,0,0,0,0,01hoofd101,01hoofd0301,01hoofd015,01hoofd0302,0,01hoofd180,0,08awb45010,0,08awb450201,0,08awb450202,08awb45030,08awb45040,0,0,0,0,0,0,0,0,0,0,0,0,0,0,0,15.0,12,13,BPIC15_1_f2,randomForestClassifier
0.0,1.0,0.0,0.0,0.0,0.0,0.0,0.0,0.0,0.0,0.0,0.0,560894.0,132.0475227789528,0.0,05eind020,01hoofd010,01hoofd015,0,0,0,0,0,0,0,0,0,0,0,0,0,0,0,0,0,0,0,0,0,0,0,0,0,0,0,0,0,0,0,0,0,0,15.0,12,14,BPIC15_1_f2,randomForestClassifier
0.0,1.0,0.0,0.0,1.0,0.0,0.0,0.0,0.0,0.0,0.0,0.0,4901428.0,646.707399385096,0.0,01hoofd010,01hoofd011,01hoofd020,0,0,0,0,01hoofd0301,01hoofd061,01hoofd015,01hoofd101,01hoofd0302,0,01hoofd180,0,08awb45010,0,08awb450201,0,08awb450202,08awb45030,08awb45040,0,0,0,0,0,0,0,0,0,0,0,0,0,0,0,20.0,12,15,BPIC15_1_f2,randomForestClassifier
0.0,1.0,0.0,0.0,0.0,0.0,0.0,0.0,0.0,0.0,0.0,0.0,4901428.0,154.60619899285714,0.0,01hoofd010,01hoofd011,01hoofd020,0,0,0,0,01hoofd0301,01hoofd101,01hoofd015,0,01hoofd0302,0,01hoofd180,0,08awb45010,0,08awb450201,0,08awb450202,08awb45030,08awb45040,0,0,0,0,0,0,0,0,0,0,0,0,0,0,0,20.0,12,16,BPIC15_1_f2,randomForestClassifier
0.0,1.0,0.0,0.0,0.0,0.0,0.0,0.0,0.0,0.0,0.0,0.0,4901428.0,154.60619899285714,0.0,01hoofd010,01hoofd011,01hoofd020,0,0,0,0,01hoofd0301,01hoofd015,01hoofd101,0,01hoofd180,0,08awb45010,0,0,0,08awb450202,08awb45030,08awb45040,0,0,0,0,0,0,0,0,0,0,0,0,0,0,0,0,0,20.0,12,17,BPIC15_1_f2,randomForestClassifier
0.0,1.0,0.0,0.0,0.0,0.0,0.0,0.0,0.0,0.0,0.0,0.0,560894.0,132.0475227789528,0.0,05eind020,01hoofd010,01hoofd015,0,0,0,0,0,0,0,0,0,0,0,0,0,0,0,0,0,0,0,0,0,0,0,0,0,0,0,0,0,0,0,0,0,0,20.0,12,18,BPIC15_1_f2,randomForestClassifier
0.0,0.0,0.0,0.0,0.0,0.0,0.0,0.0,1.0,0.0,0.0,0.0,4901428.0,-1.5726362324942174e-06,0.0,01hoofd010,01hoofd011,01hoofd020,0,0,0,0,0,01hoofd101,01hoofd0301,01hoofd015,01hoofd0302,0,01hoofd180,0,08awb45010,0,08awb450201,0,08awb450202,08awb45030,08awb45040,0,0,0,0,0,0,0,0,0,0,0,0,0,0,0,20.0,12,19,BPIC15_1_f2,randomForestClassifier
0.0,0.0,0.0,0.0,0.0,1.0,0.0,0.0,0.0,0.0,0.0,0.0,4901428.0,-1.5726362324942174e-06,0.0,0,0,0,0,0,0,0,0,0,0,0,0,0,0,0,0,0,0,0,0,0,0,0,0,0,0,0,0,0,0,0,0,0,0,0,0,0,5.0,13,0,BPIC15_1_f2,randomForestClassifier
0.0,1.0,0.0,0.0,0.0,0.0,0.0,0.0,0.0,0.0,0.0,0.0,560894.0,132.0475227789528,0.0,05eind020,01hoofd010,01hoofd015,0,0,0,0,0,0,0,0,0,0,0,0,0,0,0,0,0,0,0,0,0,0,0,0,0,0,0,0,0,0,0,0,0,0,5.0,13,1,BPIC15_1_f2,randomForestClassifier
0.0,1.0,0.0,0.0,0.0,0.0,0.0,0.0,0.0,0.0,0.0,0.0,560912.0,-1.5726362324942174e-06,0.0,01hoofd010,01hoofd0302,01hoofd015,01hoofd020,01hoofd0301,01hoofd040,01hoofd060,01hoofd100,0,0,0,0,0,0,0,0,0,0,0,0,0,0,0,0,0,0,0,0,0,0,0,0,0,0,0,0,0,5.0,13,2,BPIC15_1_f2,randomForestClassifier
0.0,0.0,0.0,0.0,0.0,0.0,0.0,0.0,0.0,1.0,0.0,0.0,4936828.0,-1.5726362324942174e-06,0.0,01hoofd010,01hoofd015,05eind010,01hoofd020,01hoofd0302,01hoofd0301,01hoofd040,01hoofd060,04bpt010,0,0,0,0,0,0,0,0,0,0,0,0,0,0,0,0,0,0,0,0,0,0,0,0,0,0,0,0,5.0,13,3,BPIC15_1_f2,randomForestClassifier
1.0,0.0,0.0,0.0,0.0,0.0,0.0,0.0,0.0,0.0,0.0,0.0,560912.0,-1.5726362324942174e-06,0.0,01hoofd010,01hoofd0302,01hoofd015,01hoofd020,01hoofd0301,01hoofd040,01hoofd100,01hoofd0652,01hoofd060,0,0,0,0,0,0,0,0,0,0,0,0,0,0,0,0,0,0,0,0,0,0,0,0,0,0,0,0,5.0,13,4,BPIC15_1_f2,randomForestClassifier
0.0,0.0,0.0,0.0,0.0,1.0,0.0,0.0,0.0,0.0,0.0,0.0,4901428.0,-1.5726362324942174e-06,0.0,0,0,0,0,0,0,0,0,0,0,0,0,0,0,0,0,0,0,0,0,0,0,0,0,0,0,0,0,0,0,0,0,0,0,0,0,0,10.0,13,5,BPIC15_1_f2,randomForestClassifier
0.0,1.0,0.0,0.0,0.0,0.0,0.0,0.0,0.0,0.0,1.0,0.0,560894.0,-1.5726362324942174e-06,0.0,0,0,0,0,0,0,0,0,0,0,0,0,0,0,0,0,0,0,0,0,0,0,0,0,0,0,0,0,0,0,0,0,0,0,0,0,0,10.0,13,6,BPIC15_1_f2,randomForestClassifier
0.0,1.0,0.0,0.0,0.0,0.0,0.0,0.0,0.0,0.0,0.0,0.0,560894.0,132.0475227789528,0.0,05eind020,01hoofd010,01hoofd015,0,0,0,0,0,0,0,0,0,0,0,0,0,0,0,0,0,0,0,0,0,0,0,0,0,0,0,0,0,0,0,0,0,0,10.0,13,7,BPIC15_1_f2,randomForestClassifier
0.0,1.0,0.0,0.0,0.0,0.0,0.0,0.0,0.0,0.0,0.0,0.0,560912.0,-1.5726362324942174e-06,0.0,01hoofd010,01hoofd0302,01hoofd015,01hoofd020,01hoofd0301,01hoofd040,01hoofd060,01hoofd100,0,0,0,0,0,0,0,0,0,0,0,0,0,0,0,0,0,0,0,0,0,0,0,0,0,0,0,0,0,10.0,13,8,BPIC15_1_f2,randomForestClassifier
1.0,0.0,0.0,0.0,0.0,0.0,0.0,0.0,0.0,0.0,0.0,0.0,560912.0,-1.5726362324942174e-06,0.0,01hoofd010,01hoofd0302,01hoofd015,01hoofd020,01hoofd0301,01hoofd040,01hoofd100,01hoofd0652,01hoofd060,0,0,0,0,0,0,0,0,0,0,0,0,0,0,0,0,0,0,0,0,0,0,0,0,0,0,0,0,10.0,13,9,BPIC15_1_f2,randomForestClassifier
0.0,0.0,0.0,0.0,0.0,1.0,0.0,0.0,0.0,0.0,0.0,0.0,4901428.0,-1.5726362324942174e-06,0.0,0,0,0,0,0,0,0,0,0,0,0,0,0,0,0,0,0,0,0,0,0,0,0,0,0,0,0,0,0,0,0,0,0,0,0,0,0,15.0,13,10,BPIC15_1_f2,randomForestClassifier
0.0,1.0,0.0,0.0,0.0,0.0,0.0,0.0,0.0,0.0,1.0,0.0,560894.0,-1.5726362324942174e-06,0.0,0,0,0,0,0,0,0,0,0,0,0,0,0,0,0,0,0,0,0,0,0,0,0,0,0,0,0,0,0,0,0,0,0,0,0,0,0,15.0,13,11,BPIC15_1_f2,randomForestClassifier
0.0,1.0,0.0,0.0,0.0,0.0,0.0,0.0,0.0,0.0,0.0,0.0,560894.0,132.0475227789528,0.0,05eind020,01hoofd010,01hoofd015,0,0,0,0,0,0,0,0,0,0,0,0,0,0,0,0,0,0,0,0,0,0,0,0,0,0,0,0,0,0,0,0,0,0,15.0,13,12,BPIC15_1_f2,randomForestClassifier
0.0,1.0,0.0,0.0,0.0,0.0,0.0,0.0,0.0,1.0,0.0,0.0,4901428.0,10440.850429057436,0.0,01hoofd010,01hoofd011,05eind010,01hoofd015,01hoofd020,01hoofd0302,01hoofd0301,02drz010,0,0,0,0,0,0,0,0,0,0,0,0,0,0,0,0,0,0,0,0,0,0,0,0,0,0,0,0,0,15.0,13,13,BPIC15_1_f2,randomForestClassifier
0.0,1.0,0.0,0.0,0.0,0.0,0.0,0.0,0.0,0.0,0.0,0.0,560912.0,-1.5726362324942174e-06,0.0,01hoofd010,01hoofd0302,01hoofd015,01hoofd020,01hoofd0301,01hoofd040,01hoofd060,01hoofd100,0,0,0,0,0,0,0,0,0,0,0,0,0,0,0,0,0,0,0,0,0,0,0,0,0,0,0,0,0,15.0,13,14,BPIC15_1_f2,randomForestClassifier
0.0,0.0,0.0,0.0,0.0,1.0,0.0,0.0,0.0,0.0,0.0,0.0,4901428.0,-1.5726362324942174e-06,0.0,0,0,0,0,0,0,0,0,0,0,0,0,0,0,0,0,0,0,0,0,0,0,0,0,0,0,0,0,0,0,0,0,0,0,0,0,0,20.0,13,15,BPIC15_1_f2,randomForestClassifier
0.0,1.0,0.0,0.0,0.0,0.0,0.0,0.0,0.0,0.0,1.0,0.0,560894.0,-1.5726362324942174e-06,0.0,0,0,0,0,0,0,0,0,0,0,0,0,0,0,0,0,0,0,0,0,0,0,0,0,0,0,0,0,0,0,0,0,0,0,0,0,0,20.0,13,16,BPIC15_1_f2,randomForestClassifier
0.0,1.0,0.0,0.0,0.0,0.0,0.0,0.0,0.0,0.0,0.0,0.0,560894.0,132.0475227789528,0.0,05eind020,01hoofd010,01hoofd015,0,0,0,0,0,0,0,0,0,0,0,0,0,0,0,0,0,0,0,0,0,0,0,0,0,0,0,0,0,0,0,0,0,0,20.0,13,17,BPIC15_1_f2,randomForestClassifier
0.0,1.0,0.0,0.0,0.0,0.0,0.0,0.0,0.0,1.0,0.0,0.0,4901428.0,10440.850429057436,0.0,01hoofd010,01hoofd011,05eind010,01hoofd015,01hoofd020,01hoofd0302,01hoofd0301,02drz010,0,0,0,0,0,0,0,0,0,0,0,0,0,0,0,0,0,0,0,0,0,0,0,0,0,0,0,0,0,20.0,13,18,BPIC15_1_f2,randomForestClassifier
0.0,1.0,0.0,0.0,0.0,0.0,0.0,0.0,0.0,0.0,0.0,0.0,560912.0,-1.5726362324942174e-06,0.0,01hoofd010,01hoofd0302,01hoofd015,01hoofd020,01hoofd0301,01hoofd040,01hoofd060,01hoofd100,0,0,0,0,0,0,0,0,0,0,0,0,0,0,0,0,0,0,0,0,0,0,0,0,0,0,0,0,0,20.0,13,19,BPIC15_1_f2,randomForestClassifier
0.0,1.0,0.0,0.0,0.0,0.0,0.0,0.0,0.0,0.0,0.0,0.0,2670601.0,-1.5726362324942174e-06,0.0,01hoofd010,01hoofd011,01hoofd020,0,0,0,0,0,01hoofd061,01hoofd101,01hoofd015,01hoofd0301,01hoofd0302,0,01hoofd180,08awb45005,08awb45010,0,0,08awb450201,0,0,08awb450202,08awb45040,0,08awb45030,08awb45045,0,0,0,0,0,0,0,0,0,0,5.0,14,0,BPIC15_1_f2,randomForestClassifier
0.0,1.0,0.0,0.0,0.0,0.0,0.0,0.0,0.0,0.0,0.0,0.0,4901428.0,157.0930337707602,0.0,01hoofd010,01hoofd011,01hoofd020,0,0,0,0,0,01hoofd015,01hoofd0301,0,01hoofd101,01hoofd0302,0,08awb45010,0,01hoofd180,08awb450201,0,08awb450202,08awb45040,0,08awb45030,0,0,0,0,0,0,0,0,0,0,0,0,0,0,5.0,14,1,BPIC15_1_f2,randomForestClassifier
0.0,1.0,0.0,0.0,0.0,0.0,0.0,0.0,0.0,0.0,0.0,0.0,4901428.0,562.9385853267117,0.0,01hoofd010,01hoofd011,01hoofd020,0,0,0,0,01hoofd015,01hoofd061,01hoofd0301,01hoofd0302,0,01hoofd180,0,08awb45010,0,0,08awb450201,08awb450202,08awb45030,08awb45040,0,0,0,0,0,0,0,0,0,0,0,0,0,0,0,0,5.0,14,2,BPIC15_1_f2,randomForestClassifier
0.0,1.0,0.0,0.0,0.0,0.0,0.0,0.0,0.0,0.0,0.0,0.0,4901428.0,488.72925606419943,0.0,01hoofd010,01hoofd011,01hoofd020,0,0,0,0,01hoofd0301,01hoofd015,01hoofd101,0,0,01hoofd180,0,08awb45010,0,08awb450201,0,08awb450202,08awb45030,08awb45040,0,0,0,0,0,0,0,0,0,0,0,0,0,0,0,0,5.0,14,3,BPIC15_1_f2,randomForestClassifier
0.0,1.0,0.0,0.0,0.0,0.0,0.0,0.0,0.0,0.0,0.0,0.0,560894.0,132.0475227789528,0.0,05eind020,01hoofd010,01hoofd015,0,0,0,0,0,0,0,0,0,0,0,0,0,0,0,0,0,0,0,0,0,0,0,0,0,0,0,0,0,0,0,0,0,0,5.0,14,4,BPIC15_1_f2,randomForestClassifier
0.0,1.0,0.0,0.0,0.0,0.0,0.0,0.0,0.0,0.0,0.0,0.0,2670601.0,-1.5726362324942174e-06,0.0,01hoofd010,01hoofd011,01hoofd020,0,0,0,0,0,01hoofd061,01hoofd101,01hoofd015,01hoofd0301,01hoofd0302,0,01hoofd180,08awb45005,08awb45010,0,0,08awb450201,0,0,08awb450202,08awb45040,0,08awb45030,08awb45045,0,0,0,0,0,0,0,0,0,0,10.0,14,5,BPIC15_1_f2,randomForestClassifier
0.0,1.0,0.0,0.0,0.0,0.0,0.0,0.0,0.0,0.0,0.0,0.0,4901428.0,157.0930337707602,0.0,01hoofd010,01hoofd011,01hoofd020,0,0,0,0,0,01hoofd015,01hoofd0301,0,01hoofd101,01hoofd0302,0,08awb45010,0,01hoofd180,08awb450201,0,08awb450202,08awb45040,0,08awb45030,0,0,0,0,0,0,0,0,0,0,0,0,0,0,10.0,14,6,BPIC15_1_f2,randomForestClassifier
0.0,1.0,0.0,0.0,1.0,0.0,0.0,0.0,0.0,0.0,0.0,0.0,4901428.0,646.707399385096,0.0,01hoofd010,01hoofd011,01hoofd020,0,0,0,0,01hoofd0301,01hoofd061,01hoofd015,01hoofd101,01hoofd0302,0,01hoofd180,0,08awb45010,0,08awb450201,0,08awb450202,08awb45030,08awb45040,0,0,0,0,0,0,0,0,0,0,0,0,0,0,0,10.0,14,7,BPIC15_1_f2,randomForestClassifier
0.0,1.0,0.0,0.0,0.0,0.0,0.0,0.0,0.0,0.0,0.0,0.0,4901428.0,488.72925606419943,0.0,01hoofd010,01hoofd011,01hoofd020,0,0,0,0,01hoofd0301,01hoofd015,01hoofd101,0,0,01hoofd180,0,08awb45010,0,08awb450201,0,08awb450202,08awb45030,08awb45040,0,0,0,0,0,0,0,0,0,0,0,0,0,0,0,0,10.0,14,8,BPIC15_1_f2,randomForestClassifier
0.0,1.0,0.0,0.0,0.0,0.0,0.0,0.0,0.0,0.0,0.0,0.0,4901428.0,562.9385853267117,0.0,01hoofd010,01hoofd011,01hoofd020,0,0,0,0,01hoofd015,01hoofd061,01hoofd0301,01hoofd0302,0,01hoofd180,0,08awb45010,0,0,08awb450201,08awb450202,08awb45030,08awb45040,0,0,0,0,0,0,0,0,0,0,0,0,0,0,0,0,10.0,14,9,BPIC15_1_f2,randomForestClassifier
0.0,1.0,0.0,0.0,0.0,0.0,0.0,0.0,0.0,0.0,0.0,0.0,2670601.0,-1.5726362324942174e-06,0.0,01hoofd010,01hoofd011,01hoofd020,0,0,0,0,0,01hoofd061,01hoofd101,01hoofd015,01hoofd0301,01hoofd0302,0,01hoofd180,08awb45005,08awb45010,0,0,08awb450201,0,0,08awb450202,08awb45040,0,08awb45030,08awb45045,0,0,0,0,0,0,0,0,0,0,15.0,14,10,BPIC15_1_f2,randomForestClassifier
0.0,1.0,0.0,0.0,0.0,0.0,0.0,0.0,0.0,0.0,0.0,0.0,4901428.0,157.0930337707602,0.0,01hoofd010,01hoofd011,01hoofd020,0,0,0,0,0,01hoofd015,01hoofd0301,0,01hoofd101,01hoofd0302,0,08awb45010,0,01hoofd180,08awb450201,0,08awb450202,08awb45040,0,08awb45030,0,0,0,0,0,0,0,0,0,0,0,0,0,0,15.0,14,11,BPIC15_1_f2,randomForestClassifier
0.0,1.0,0.0,0.0,0.0,0.0,0.0,0.0,0.0,0.0,0.0,0.0,4901428.0,3822.254643194613,0.0,01hoofd010,01hoofd011,01hoofd020,0,0,0,0,0,0,01hoofd061,01hoofd015,01hoofd101,01hoofd0301,0,0,08awb45010,0,08awb450201,0,08awb450202,08awb45030,08awb45040,0,0,0,0,0,0,0,0,0,0,0,0,0,0,0,15.0,14,12,BPIC15_1_f2,randomForestClassifier
0.0,1.0,0.0,0.0,0.0,0.0,0.0,0.0,0.0,0.0,0.0,0.0,4901428.0,562.9385853267117,0.0,01hoofd010,01hoofd011,01hoofd020,0,0,0,0,01hoofd015,01hoofd061,01hoofd0301,01hoofd0302,0,01hoofd180,0,08awb45010,0,0,08awb450201,08awb450202,08awb45030,08awb45040,0,0,0,0,0,0,0,0,0,0,0,0,0,0,0,0,15.0,14,13,BPIC15_1_f2,randomForestClassifier
0.0,1.0,0.0,0.0,0.0,0.0,0.0,0.0,0.0,0.0,0.0,0.0,4901428.0,488.72925606419943,0.0,01hoofd010,01hoofd011,01hoofd020,0,0,0,0,01hoofd0301,01hoofd015,01hoofd101,0,0,01hoofd180,0,08awb45010,0,08awb450201,0,08awb450202,08awb45030,08awb45040,0,0,0,0,0,0,0,0,0,0,0,0,0,0,0,0,15.0,14,14,BPIC15_1_f2,randomForestClassifier
0.0,1.0,0.0,0.0,0.0,0.0,0.0,0.0,0.0,0.0,0.0,0.0,2670601.0,-1.5726362324942174e-06,0.0,01hoofd010,01hoofd011,01hoofd020,0,0,0,0,0,01hoofd061,01hoofd101,01hoofd015,01hoofd0301,01hoofd0302,0,01hoofd180,08awb45005,08awb45010,0,0,08awb450201,0,0,08awb450202,08awb45040,0,08awb45030,08awb45045,0,0,0,0,0,0,0,0,0,0,20.0,14,15,BPIC15_1_f2,randomForestClassifier
0.0,1.0,0.0,0.0,0.0,0.0,0.0,0.0,0.0,0.0,0.0,0.0,4901428.0,157.0930337707602,0.0,01hoofd010,01hoofd011,01hoofd020,0,0,0,0,0,01hoofd015,01hoofd0301,0,01hoofd101,01hoofd0302,0,08awb45010,0,01hoofd180,08awb450201,0,08awb450202,08awb45040,0,08awb45030,0,0,0,0,0,0,0,0,0,0,0,0,0,0,20.0,14,16,BPIC15_1_f2,randomForestClassifier
0.0,1.0,0.0,0.0,0.0,0.0,0.0,0.0,0.0,0.0,0.0,0.0,560894.0,132.0475227789528,0.0,05eind020,01hoofd010,01hoofd015,0,0,0,0,0,0,0,0,0,0,0,0,0,0,0,0,0,0,0,0,0,0,0,0,0,0,0,0,0,0,0,0,0,0,20.0,14,17,BPIC15_1_f2,randomForestClassifier
0.0,1.0,0.0,0.0,0.0,0.0,0.0,0.0,0.0,0.0,0.0,0.0,4901428.0,3822.254643194613,0.0,01hoofd010,01hoofd011,01hoofd020,0,0,0,0,0,0,01hoofd061,01hoofd015,01hoofd101,01hoofd0301,0,0,08awb45010,0,08awb450201,0,08awb450202,08awb45030,08awb45040,0,0,0,0,0,0,0,0,0,0,0,0,0,0,0,20.0,14,18,BPIC15_1_f2,randomForestClassifier
0.0,1.0,0.0,0.0,0.0,0.0,0.0,0.0,0.0,0.0,0.0,0.0,4901428.0,488.72925606419943,0.0,01hoofd010,01hoofd011,01hoofd020,0,0,0,0,01hoofd0301,01hoofd015,01hoofd101,0,0,01hoofd180,0,08awb45010,0,08awb450201,0,08awb450202,08awb45030,08awb45040,0,0,0,0,0,0,0,0,0,0,0,0,0,0,0,0,20.0,14,19,BPIC15_1_f2,randomForestClassifier
0.0,0.0,0.0,0.0,0.0,1.0,0.0,0.0,0.0,0.0,0.0,0.0,4901428.0,-1.5726362324942174e-06,0.0,0,0,0,0,0,0,0,0,0,0,0,0,0,0,0,0,0,0,0,0,0,0,0,0,0,0,0,0,0,0,0,0,0,0,0,0,0,5.0,15,0,BPIC15_1_f2,randomForestClassifier
0.0,1.0,0.0,0.0,0.0,0.0,0.0,0.0,0.0,0.0,0.0,0.0,560894.0,132.0475227789528,0.0,05eind020,01hoofd010,01hoofd015,0,0,0,0,0,0,0,0,0,0,0,0,0,0,0,0,0,0,0,0,0,0,0,0,0,0,0,0,0,0,0,0,0,0,5.0,15,1,BPIC15_1_f2,randomForestClassifier
0.0,1.0,0.0,0.0,0.0,0.0,0.0,0.0,0.0,0.0,0.0,0.0,560912.0,-1.5726362324942174e-06,0.0,01hoofd010,01hoofd0302,01hoofd015,01hoofd020,01hoofd0301,01hoofd040,01hoofd060,01hoofd100,0,0,0,0,0,0,0,0,0,0,0,0,0,0,0,0,0,0,0,0,0,0,0,0,0,0,0,0,0,5.0,15,2,BPIC15_1_f2,randomForestClassifier
0.0,1.0,0.0,0.0,0.0,0.0,0.0,0.0,0.0,0.0,0.0,0.0,4901428.0,154.60619899285714,0.0,01hoofd010,01hoofd011,01hoofd020,0,0,0,0,01hoofd0301,01hoofd015,01hoofd101,0,01hoofd180,0,08awb45010,0,0,0,08awb450202,08awb45030,08awb45040,0,0,0,0,0,0,0,0,0,0,0,0,0,0,0,0,0,5.0,15,3,BPIC15_1_f2,randomForestClassifier
0.0,0.0,0.0,0.0,0.0,0.0,0.0,0.0,0.0,1.0,0.0,0.0,4901428.0,-1.5726362324942174e-06,0.0,01hoofd010,01hoofd011,01hoofd015,01hoofd020,01hoofd0301,01hoofd0302,02drz010,04bpt005,01hoofd061,01hoofd0651,01hoofd0652,0,0,0,0,0,0,0,0,0,0,0,0,0,0,0,0,0,0,0,0,0,0,0,0,0,0,5.0,15,4,BPIC15_1_f2,randomForestClassifier
0.0,0.0,0.0,0.0,0.0,1.0,0.0,0.0,0.0,0.0,0.0,0.0,4901428.0,-1.5726362324942174e-06,0.0,0,0,0,0,0,0,0,0,0,0,0,0,0,0,0,0,0,0,0,0,0,0,0,0,0,0,0,0,0,0,0,0,0,0,0,0,0,10.0,15,5,BPIC15_1_f2,randomForestClassifier
0.0,1.0,0.0,0.0,0.0,0.0,0.0,0.0,0.0,0.0,0.0,0.0,560894.0,132.0475227789528,0.0,05eind020,01hoofd010,01hoofd015,0,0,0,0,0,0,0,0,0,0,0,0,0,0,0,0,0,0,0,0,0,0,0,0,0,0,0,0,0,0,0,0,0,0,10.0,15,6,BPIC15_1_f2,randomForestClassifier
0.0,1.0,0.0,0.0,0.0,0.0,0.0,0.0,0.0,0.0,1.0,0.0,560894.0,-1.5726362324942174e-06,0.0,0,0,0,0,0,0,0,0,0,0,0,0,0,0,0,0,0,0,0,0,0,0,0,0,0,0,0,0,0,0,0,0,0,0,0,0,0,10.0,15,7,BPIC15_1_f2,randomForestClassifier
0.0,1.0,0.0,0.0,0.0,0.0,0.0,0.0,0.0,0.0,0.0,0.0,560912.0,-1.5726362324942174e-06,0.0,01hoofd010,01hoofd0302,01hoofd015,01hoofd020,01hoofd0301,01hoofd040,01hoofd060,01hoofd100,0,0,0,0,0,0,0,0,0,0,0,0,0,0,0,0,0,0,0,0,0,0,0,0,0,0,0,0,0,10.0,15,8,BPIC15_1_f2,randomForestClassifier
0.0,0.0,0.0,0.0,0.0,0.0,0.0,0.0,0.0,1.0,0.0,0.0,4901428.0,-1.5726362324942174e-06,0.0,01hoofd010,01hoofd011,01hoofd015,01hoofd020,01hoofd0301,01hoofd0302,02drz010,04bpt005,01hoofd061,01hoofd0651,01hoofd0652,0,0,0,0,0,0,0,0,0,0,0,0,0,0,0,0,0,0,0,0,0,0,0,0,0,0,10.0,15,9,BPIC15_1_f2,randomForestClassifier
0.0,0.0,0.0,0.0,0.0,1.0,0.0,0.0,0.0,0.0,0.0,0.0,4901428.0,-1.5726362324942174e-06,0.0,0,0,0,0,0,0,0,0,0,0,0,0,0,0,0,0,0,0,0,0,0,0,0,0,0,0,0,0,0,0,0,0,0,0,0,0,0,15.0,15,10,BPIC15_1_f2,randomForestClassifier
0.0,1.0,0.0,0.0,0.0,0.0,0.0,0.0,0.0,0.0,1.0,0.0,560894.0,-1.5726362324942174e-06,0.0,0,0,0,0,0,0,0,0,0,0,0,0,0,0,0,0,0,0,0,0,0,0,0,0,0,0,0,0,0,0,0,0,0,0,0,0,0,15.0,15,11,BPIC15_1_f2,randomForestClassifier
0.0,1.0,0.0,0.0,0.0,0.0,0.0,0.0,0.0,0.0,0.0,0.0,560894.0,132.0475227789528,0.0,05eind020,01hoofd010,01hoofd015,0,0,0,0,0,0,0,0,0,0,0,0,0,0,0,0,0,0,0,0,0,0,0,0,0,0,0,0,0,0,0,0,0,0,15.0,15,12,BPIC15_1_f2,randomForestClassifier
0.0,1.0,0.0,0.0,0.0,0.0,0.0,0.0,0.0,0.0,0.0,0.0,560912.0,-1.5726362324942174e-06,0.0,01hoofd010,01hoofd0302,01hoofd015,01hoofd020,01hoofd0301,01hoofd040,01hoofd060,01hoofd100,0,0,0,0,0,0,0,0,0,0,0,0,0,0,0,0,0,0,0,0,0,0,0,0,0,0,0,0,0,15.0,15,13,BPIC15_1_f2,randomForestClassifier
0.0,1.0,0.0,0.0,0.0,0.0,0.0,0.0,0.0,1.0,0.0,0.0,4901428.0,10440.850429057436,0.0,01hoofd010,01hoofd011,05eind010,01hoofd015,01hoofd020,01hoofd0302,01hoofd0301,02drz010,0,0,0,0,0,0,0,0,0,0,0,0,0,0,0,0,0,0,0,0,0,0,0,0,0,0,0,0,0,15.0,15,14,BPIC15_1_f2,randomForestClassifier
0.0,0.0,0.0,0.0,0.0,1.0,0.0,0.0,0.0,0.0,0.0,0.0,4901428.0,-1.5726362324942174e-06,0.0,0,0,0,0,0,0,0,0,0,0,0,0,0,0,0,0,0,0,0,0,0,0,0,0,0,0,0,0,0,0,0,0,0,0,0,0,0,20.0,15,15,BPIC15_1_f2,randomForestClassifier
0.0,1.0,0.0,0.0,0.0,0.0,0.0,0.0,0.0,0.0,1.0,0.0,560894.0,-1.5726362324942174e-06,0.0,0,0,0,0,0,0,0,0,0,0,0,0,0,0,0,0,0,0,0,0,0,0,0,0,0,0,0,0,0,0,0,0,0,0,0,0,0,20.0,15,16,BPIC15_1_f2,randomForestClassifier
0.0,1.0,0.0,0.0,0.0,0.0,0.0,0.0,0.0,0.0,0.0,0.0,560894.0,132.0475227789528,0.0,05eind020,01hoofd010,01hoofd015,0,0,0,0,0,0,0,0,0,0,0,0,0,0,0,0,0,0,0,0,0,0,0,0,0,0,0,0,0,0,0,0,0,0,20.0,15,17,BPIC15_1_f2,randomForestClassifier
0.0,1.0,0.0,0.0,0.0,0.0,0.0,0.0,0.0,0.0,0.0,0.0,560912.0,-1.5726362324942174e-06,0.0,01hoofd010,01hoofd0302,01hoofd015,01hoofd020,01hoofd0301,01hoofd040,01hoofd060,01hoofd100,0,0,0,0,0,0,0,0,0,0,0,0,0,0,0,0,0,0,0,0,0,0,0,0,0,0,0,0,0,20.0,15,18,BPIC15_1_f2,randomForestClassifier
0.0,1.0,0.0,0.0,0.0,0.0,0.0,0.0,0.0,1.0,0.0,0.0,4901428.0,10440.850429057436,0.0,01hoofd010,01hoofd011,05eind010,01hoofd015,01hoofd020,01hoofd0302,01hoofd0301,02drz010,0,0,0,0,0,0,0,0,0,0,0,0,0,0,0,0,0,0,0,0,0,0,0,0,0,0,0,0,0,20.0,15,19,BPIC15_1_f2,randomForestClassifier
