amount,prefix_1,event_nr_1,hour_1,lifecycle:transition_1,month_1,org:resource_1,queue_1,start:timestamp_1,time:timestamp_1,timesincecasestart_1,timesincelastevent_1,timesincemidnight_1,weekday_1,prefix_2,event_nr_2,hour_2,lifecycle:transition_2,month_2,org:resource_2,queue_2,start:timestamp_2,time:timestamp_2,timesincecasestart_2,timesincelastevent_2,timesincemidnight_2,weekday_2,prefix_3,event_nr_3,hour_3,lifecycle:transition_3,month_3,org:resource_3,queue_3,start:timestamp_3,time:timestamp_3,timesincecasestart_3,timesincelastevent_3,timesincemidnight_3,weekday_3,prefix_4,event_nr_4,hour_4,lifecycle:transition_4,month_4,org:resource_4,queue_4,start:timestamp_4,time:timestamp_4,timesincecasestart_4,timesincelastevent_4,timesincemidnight_4,weekday_4,prefix_5,event_nr_5,hour_5,lifecycle:transition_5,month_5,org:resource_5,queue_5,start:timestamp_5,time:timestamp_5,timesincecasestart_5,timesincelastevent_5,timesincemidnight_5,weekday_5,prefix_6,event_nr_6,hour_6,lifecycle:transition_6,month_6,org:resource_6,queue_6,start:timestamp_6,time:timestamp_6,timesincecasestart_6,timesincelastevent_6,timesincemidnight_6,weekday_6,prefix_7,event_nr_7,hour_7,lifecycle:transition_7,month_7,org:resource_7,queue_7,start:timestamp_7,time:timestamp_7,timesincecasestart_7,timesincelastevent_7,timesincemidnight_7,weekday_7,prefix_8,event_nr_8,hour_8,lifecycle:transition_8,month_8,org:resource_8,queue_8,start:timestamp_8,time:timestamp_8,timesincecasestart_8,timesincelastevent_8,timesincemidnight_8,weekday_8,prefix_9,event_nr_9,hour_9,lifecycle:transition_9,month_9,org:resource_9,queue_9,start:timestamp_9,time:timestamp_9,timesincecasestart_9,timesincelastevent_9,timesincemidnight_9,weekday_9,prefix_10,event_nr_10,hour_10,lifecycle:transition_10,month_10,org:resource_10,queue_10,start:timestamp_10,time:timestamp_10,timesincecasestart_10,timesincelastevent_10,timesincemidnight_10,weekday_10,prefix_11,event_nr_11,hour_11,lifecycle:transition_11,month_11,org:resource_11,queue_11,start:timestamp_11,time:timestamp_11,timesincecasestart_11,timesincelastevent_11,timesincemidnight_11,weekday_11,prefix_12,event_nr_12,hour_12,lifecycle:transition_12,month_12,org:resource_12,queue_12,start:timestamp_12,time:timestamp_12,timesincecasestart_12,timesincelastevent_12,timesincemidnight_12,weekday_12,prefix_13,event_nr_13,hour_13,lifecycle:transition_13,month_13,org:resource_13,queue_13,start:timestamp_13,time:timestamp_13,timesincecasestart_13,timesincelastevent_13,timesincemidnight_13,weekday_13,prefix_14,event_nr_14,hour_14,lifecycle:transition_14,month_14,org:resource_14,queue_14,start:timestamp_14,time:timestamp_14,timesincecasestart_14,timesincelastevent_14,timesincemidnight_14,weekday_14,prefix_15,event_nr_15,hour_15,lifecycle:transition_15,month_15,org:resource_15,queue_15,start:timestamp_15,time:timestamp_15,timesincecasestart_15,timesincelastevent_15,timesincemidnight_15,weekday_15,prefix_16,event_nr_16,hour_16,lifecycle:transition_16,month_16,org:resource_16,queue_16,start:timestamp_16,time:timestamp_16,timesincecasestart_16,timesincelastevent_16,timesincemidnight_16,weekday_16,prefix_17,event_nr_17,hour_17,lifecycle:transition_17,month_17,org:resource_17,queue_17,start:timestamp_17,time:timestamp_17,timesincecasestart_17,timesincelastevent_17,timesincemidnight_17,weekday_17,prefix_18,event_nr_18,hour_18,lifecycle:transition_18,month_18,org:resource_18,queue_18,start:timestamp_18,time:timestamp_18,timesincecasestart_18,timesincelastevent_18,timesincemidnight_18,weekday_18,prefix_19,event_nr_19,hour_19,lifecycle:transition_19,month_19,org:resource_19,queue_19,start:timestamp_19,time:timestamp_19,timesincecasestart_19,timesincelastevent_19,timesincemidnight_19,weekday_19,prefix_20,event_nr_20,hour_20,lifecycle:transition_20,month_20,org:resource_20,queue_20,start:timestamp_20,time:timestamp_20,timesincecasestart_20,timesincelastevent_20,timesincemidnight_20,weekday_20,label,trace_id
17000.000715255737,A_SUBMITTED,0.0,7.9999998807907104,complete,6.0000001192092896,E,1.0,1654330644.6061027,1654334010.4581182,0.0,0.0,497.4166791215539,5.9999998807907104,A_PARTLYSUBMITTED,1.0,9.000000238418579,complete,6.0000001192092896,D,1.0,1654334011.4581182,1654334461.6163146,56.11666719267766,56.11666719267766,553.5333146890005,5.9999998807907104,W_Assess_fraud,2.0,16.00000011920929,complete,6.0000001192092896,A,246.99999487400055,1654621036.528717,1654622260.4955633,4839.849882563948,4783.733505258957,1017.266698994239,2.0000000298023224,A_PREACCEPTED,3.0,17.000000476837158,complete,6.0000001192092896,D,2.0000000121071935,1654622562.4071095,1654622734.137925,4865.299999982119,25.449998690971793,1042.7166645367943,2.0000000298023224,W_Complete_preaccepted_appl,4.0,5.0000001192092896,complete,6.0000001192092896,A,243.9999977350235,1654926988.4468584,1654927956.5159159,9939.06654505829,5073.766805283229,356.48334267909325,5.9999998807907104,W_Complete_preaccepted_appl,5.0,6.000000149011612,complete,6.0000001192092896,A,241.00000524520877,1655189613.1150417,1655189886.7151186,14316.133471894263,4377.066621305545,413.5500131736199,2.0000000298023224,W_Complete_preaccepted_appl,6.0,18.99999988079071,complete,6.0,A,235.00000631809235,1655494743.6906924,1655495160.7939978,19401.65007862747,5085.516534509261,1179.0666287620863,5.0000001192092896,W_Complete_preaccepted_appl,7.0,2.0000000298023224,complete,6.0,A,242.99999868869781,1655777738.6923454,1655778312.6036284,24118.23276846011,4716.58335189422,135.65000157828135,2.0000000298023224,W_Complete_preaccepted_appl,8.0,13.000000357627867,complete,6.0,A,241.00000196695328,1656076386.7325048,1656078276.0725086,29095.699952866635,4977.466682731111,793.1166930317878,5.0000001192092896,A_ACCEPTED,9.0,13.99999940395355,complete,6.0,D,2.9999999841675162,1656080703.3966866,1656080979.7831604,29167.64920877814,71.95000153126504,865.066706041495,5.0000001192092896,A_FINALIZED,10.0,14.99999976158142,complete,6.0,E,2.9999999841675162,1656084801.6054535,1656086822.9603488,29235.93447355926,68.28333450096349,933.3500417987505,5.0000001192092896,O_SELECTED,11.0,1.0,complete,6.0,C,10.999999683350325,1656117189.590461,1656118144.5850675,29775.750609949228,539.816655178865,33.166665464484446,5.9999998807907104,O_CREATED,12.0,6.000000149011612,complete,6.0,C,13.999999895691872,1656139627.9448676,1656141548.9372973,30149.716557554406,373.96667271008096,407.1333491226037,5.9999998807907104,O_SENT,13.0,9.999999940395355,complete,6.0,C,12.999999649822714,1656153831.9757695,1656156689.1133194,30386.449520270024,236.73332723888254,643.8666797846555,5.9999998807907104,O_SELECTED,14.0,17.999999523162842,complete,6.0,C,16.000000037252903,1656183110.4736404,1656185401.7934904,30874.4175111259,487.9666625632594,1131.8333737750847,5.9999998807907104,O_CREATED,15.0,2.0000000298023224,complete,6.0,C,16.99999987334013,1656209140.2061691,1656215108.5583727,31308.25048593879,433.8333395640055,125.66666391404968,7.000000000000001,O_SENT,16.0,11.999999999999998,complete,6.0,C,18.000000439584255,1656247378.6076608,1656247865.267826,31945.548968867464,637.300021770969,762.9666667570671,7.000000000000001,O_SELECTED,17.0,2.0000000298023224,complete,6.0,C,16.99999987334013,1656298384.468975,1656298644.2011857,32795.650800553456,850.1000182131927,173.06667030354342,1.0,O_CREATED,18.0,17.000000476837158,complete,6.0,C,21.000000841915607,1656351026.464402,1656351394.7660756,33673.01706637542,877.3666695786018,1050.4333235869806,1.0,O_SENT,19.0,1.0,complete,6.0,C,12.000000361353159,1656378169.4762893,1656378581.5121114,34125.40069828331,452.38334623401363,62.81666684423883,2.0000000298023224,deviant,0
17000.000715255737,A_SUBMITTED,0.0,7.9999998807907104,complete,1.0,E,1.0,1641283763.9992716,1643358333.0220385,0.0,0.0,444.2666517232855,5.0000001192092896,A_PARTLYSUBMITTED,1.0,7.9999998807907104,complete,1.0,E,1.0,1643359406.06563,1641288616.994686,79.16666568319003,0.016666666666666666,559.2000122706095,5.0000001192092896,W_Fix_incomplete_submission,2.0,11.000000298023222,complete,1.0,A,5.000000027008355,1643403243.072033,1643403641.9401412,230.2833381171649,730.6166614676514,719.6833600004513,1.0,A_PREACCEPTED,3.0,21.000000596046448,complete,1.0,E,1.0,1641019848.0,1641301463.0085328,258.63333351165056,29.916667912892684,1.0833333333333333,2.0000000298023224,W_Complete_preaccepted_appl,4.0,14.99999976158142,complete,1.0,A,5.999999841675162,1641310702.0064337,1641312099.9985778,1950.2667087906348,0.4166666666666667,954.5332904527585,2.0000000298023224,A_DECLINED,5.0,17.999999523162842,complete,1.0,A,6.999999824911356,1643535676.9894638,1641323698.0065389,645.6833449085864,1066.7500443240008,1135.0833271096149,2.0000000298023224,W_Complete_preaccepted_appl,6.0,21.000000596046448,complete,1.0,A,5.999999841675162,1643595792.0190628,1641332051.9923115,178.75,133.15000426551947,1268.233334048589,1.0,A_ACCEPTED,7.0,2.0000000298023224,complete,1.0,D,5.000000027008355,1641342756.9949088,1641029667.0,4037.883467523008,204.38332429925603,32.616667054904006,1.0,A_DECLINED,8.0,2.0000000298023224,complete,1.0,D,1.0,1641031477.0,1641033557.0,4038.233252852907,0.03333333333333333,162.4999996557832,1.0,0,9.0,3.000000059604645,complete,1.0,A,1.0,1643600203.9563987,1641349069.0038455,1034.1833543123678,54.23333595514607,83.58333171407382,1.0,W_Call_after_offer,10.0,2.0000000298023224,complete,1.0,D,1.0,1643604376.9551754,1641350804.0019226,1088.4333352299407,0.05,286.2833241427938,1.0,O_CREATED,11.0,2.0000000298023224,complete,1.0,C,1.0,1643606522.0454044,1641351606.9978192,1117.3499960050297,35.74999901652336,166.7499963057538,1.0,O_SELECTED,12.0,3.000000059604645,complete,1.0,C,1.0,1641351607.997968,1641355359.006633,4340.549877871574,0.06666666666666667,180.13333500300845,1.0,O_SELECTED,13.0,7.9999998807907104,complete,1.0,0,1.0,1643618154.079946,1643618731.9939852,1199.4166581317784,68.6833337497742,248.81667660598953,1.0,O_CREATED,14.0,7.9999998807907104,complete,1.0,C,1.0,1641360792.9970162,1643618874.0184305,4401.2833621528625,84.39999901286015,525.5499920566875,1.0,A_ACCEPTED,15.0,1.0,complete,1.0,C,47.99999803304672,1641363436.0029821,1641053017.0,428.85,44.04999993145466,38.81666700054582,3.0000000596046448,W_Call_after_offer,16.0,1.0,0,1.0,C,1.0,1641373579.0002244,1643677002.0269938,1496.9166494789843,2.0000000271572693,546.3166608865062,2.0000000298023224,W_Assess_application,17.0,16.00000011920929,complete,1.0,A,7.9999998807907104,1641386702.0101383,1643734232.9814968,447.34999999999997,218.71667441440124,0.5833333333333334,1.0,W_Assess_application,18.0,13.000000357627867,complete,1.0,A,1.0,1643794444.945571,1641388063.0059829,1731.700032299012,16.066667082901887,574.0833429008723,3.0000000596046448,W_Assess_application,19.0,1.0,complete,1.0,A,47.000001326203346,1641404095.0035713,1641058043.9999998,8416.083601430431,1086.2666320346293,1054.916654105981,3.0000000596046448,deviant,1
40999.99928474426,A_SUBMITTED,0.0,9.000000238418579,complete,4.000000029802322,E,4.000000089406967,1650534242.1197896,1650534353.2531672,0.0,0.0,584.033332314094,4.0,A_PARTLYSUBMITTED,1.0,9.000000238418579,complete,4.000000029802322,D,1.0,1650534354.253167,1650536001.0749965,1.866666645059983,1.866666645059983,585.8999823967615,4.0,W_Fix_incomplete_submission,2.0,18.99999988079071,complete,4.000000029802322,A,154.0000016093254,1650743209.7315216,1650743256.764088,3482.7999359895784,3480.9331995924313,1186.8332963228224,5.9999998807907104,A_PREACCEPTED,3.0,18.99999988079071,complete,4.000000029802322,E,1.0,1650743257.7983727,1650744020.1191747,3483.5998957057795,0.7999999813461424,1187.6333395620188,5.9999998807907104,W_Complete_preaccepted_appl,4.0,13.99999940395355,complete,4.000000029802322,A,173.9999989271164,1650983454.0422897,1650984900.064381,7486.866450826326,4003.2666380008063,870.8999754796425,2.0000000298023224,W_Complete_preaccepted_appl,5.0,9.000000238418579,complete,4.000000029802322,A,174.9999923706055,1651224738.1260724,1651224934.7684424,11508.266776377955,4021.4000308573245,572.3000076378385,5.0000001192092896,W_Complete_preaccepted_appl,6.0,6.000000149011612,complete,5.0,A,180.99999225139618,1651472364.8482206,1651474404.9748144,15635.383712551,4127.116543376445,379.41664849122367,1.0,A_ACCEPTED,7.0,6.000000149011612,complete,5.0,E,1.0,1651474405.9268074,1651478890.8192737,15669.400039485095,34.01666702502407,413.433334539334,1.0,A_FINALIZED,8.0,7.9999998807907104,complete,5.0,D,1.0,1651478892.1512923,1651482148.12098,15744.166952099404,74.76666761042237,488.20000360906124,1.0,O_SELECTED,9.0,9.000000238418579,complete,5.0,C,1.0,1651483236.8339581,1651486669.1968641,15816.583108377456,72.416665276171,560.6166688601176,1.0,O_CREATED,10.0,9.999999940395355,complete,5.0,C,1.0,1651486670.0928726,1651487221.6752741,15873.799537612498,57.21666731654356,617.8333532581727,1.0,O_SENT,11.0,9.999999940395355,complete,5.0,C,1.0,1651487223.103939,1651492260.9668827,15883.01682232817,9.216666660155171,627.0499922985832,1.0,O_SELECTED,12.0,11.000000298023222,complete,5.0,C,1.0,1651492261.8664231,1651492357.7664456,15967.000310671332,83.98333596012866,711.0333514650663,1.0,O_CREATED,13.0,11.000000298023222,complete,5.0,C,1.0,1651492358.9827383,1651494922.737255,15968.615842882791,1.6166665914696443,712.650005844732,1.0,O_SENT,14.0,11.999999999999998,complete,5.0,C,1.0,1651494923.737255,1651496011.0224404,16011.366434370973,42.75000004562704,755.4000416298707,1.0,O_SELECTED,15.0,11.999999999999998,complete,5.0,C,1.0,1651496011.9368865,1651496208.0278404,16029.500004970034,18.133333241567016,773.5333321968716,1.0,O_CREATED,16.0,11.999999999999998,complete,5.0,C,1.0,1651496209.0234065,1651496912.021721,16032.783491068087,3.2833333418733672,776.8166570434968,1.0,O_SENT,17.0,13.000000357627867,complete,5.0,C,1.0,1651496913.3215046,1651500733.1898437,16044.51702353507,11.733333016691418,788.549968846639,1.0,W_Call_after_offer,18.0,7.9999998807907104,complete,5.0,A,187.0000051856041,1651737718.9348063,1651738794.9293451,20057.95031799078,4013.433482594291,481.9833197077116,4.0,A_DECLINED,19.0,7.9999998807907104,complete,5.0,E,3.0000000079162423,1651740158.7749991,1651741315.1814446,20098.616226192564,40.66666527576744,522.650021242102,4.0,deviant,2
2000.0,A_SUBMITTED,0.0,11.000000298023222,complete,1.0,E,1.0,1641122835.99748,1641125346.9959555,0.0,0.0,687.2666830013196,7.000000000000001,A_PARTLYSUBMITTED,1.0,11.999999999999998,complete,1.0,E,1.0,1641017484.9999998,1641126635.0017483,41.86666552821795,41.86666552821795,729.1333677609762,1.0,A_PREACCEPTED,2.0,13.000000357627867,complete,1.0,A,3.000000013504177,1641129409.998046,1641130657.997501,109.56666410272011,28.033333333333335,796.8333105276027,7.000000000000001,A_PREACCEPTED,3.0,1.0,complete,1.0,E,1.0,1641130659.00386,1641134556.9964466,130.38333272212185,20.81666677125419,817.650028567513,1.0,W_Complete_preaccepted_appl,4.0,14.99999976158142,complete,1.0,A,3.000000013504177,1641138631.0000947,1641141118.00269,263.25000438870234,132.86666750858228,0.5166666666666667,7.000000000000001,A_CANCELLED,5.0,1.0,complete,1.0,A,4.9999999683350325,1641147843.0006058,1641148490.0024357,161.33333333333334,153.5333376027023,0.4666666666666666,7.000000000000001,W_Complete_preaccepted_appl,6.0,18.99999988079071,complete,1.0,A,3.000000013504177,1641153172.9998953,1641155974.9983788,505.61667009526866,88.83333602035418,1192.8833686431249,7.000000000000001,W_Complete_preaccepted_appl,7.0,21.000000596046448,complete,1.0,A,1.0,1641160772.0024183,1641162073.9978008,632.2666753950683,126.64999476938198,1319.5333579401176,1.0,0,8.0,23.0,complete,1.0,A,4.0000000754371285,1641166460.9956686,1641167495.9998538,727.0833282915254,94.81666960446162,1414.3499585986137,7.000000000000001,W_Complete_preaccepted_appl,9.0,1.0,0,1.0,A,3.999999912455678,1641170757.995378,1641170890.9967797,798.7000148234889,0.03333333333333333,45.96666459242503,1.0,A_ACCEPTED,10.0,1.0,0,1.0,E,1.0,1641035722.0,1641171342.0044255,800.9333156680223,2.2333333753214295,48.19999802509943,1.0,A_FINALIZED,11.0,1.0,0,1.0,E,1.0,1641171343.0036654,1641172460.9952211,808.449994736351,7.516666746814737,55.71666416445127,1.0,O_SELECTED,12.0,1.0,0,1.0,C,1.0,1641048964.0,1641173274.0010102,838.7333175333217,30.283333769937354,85.9999973287185,1.0,O_CREATED,13.0,1.0,0,1.0,C,1.0,1641173274.9981828,1641173665.9966881,840.6500013038516,1.91666667638201,87.91666837626447,1.0,O_SENT,14.0,1.0,complete,1.0,C,1.0,1641173666.996688,1641175568.004897,847.1833445939623,6.533333073787313,0.8833333333333333,1.0,W_Call_after_offer,15.0,2.0000000298023224,complete,1.0,A,1.0,1641177084.0042572,1641177260.0012517,904.1333366212746,0.05,0.11666666666666667,1.0,W_Call_after_offer,16.0,2.0000000298023224,complete,1.0,D,1.0,1641177941.0043795,1641181153.9964738,918.4166644855712,14.283332830659734,165.68333673290908,1.0,W_Call_after_offer,17.0,1.0,complete,1.0,A,1.9999999920837581,1641184844.0020413,1641054793.0000002,1033.4666504682973,115.0500021742036,280.73334317604696,1.0,W_Call_after_offer,18.0,4.000000089406967,complete,1.0,A,1.0,1641185315.004128,1641185584.9975502,535.8333333333334,7.850000108871607,288.5833250751098,1.0,W_Call_after_offer,19.0,4.000000089406967,complete,1.0,A,1.0,1641185585.9975502,1641058043.9999998,1045.833316590637,4.516666644516711,293.09999122669296,1.0,deviant,3
6999.999836087227,A_SUBMITTED,0.0,11.000000298023222,complete,1.0,E,1.0,1641122835.99748,1641125346.9959555,0.0,0.0,687.2666830013196,7.000000000000001,A_PARTLYSUBMITTED,1.0,11.999999999999998,complete,1.0,E,1.0,1641125347.9959552,1641126635.0017483,41.86666552821795,41.86666552821795,729.1333677609762,7.000000000000001,W_Fix_incomplete_submission,2.0,13.000000357627867,complete,1.0,A,3.000000013504177,1641129409.998046,1641130657.997501,109.56666410272011,67.69999876886916,796.8333105276027,7.000000000000001,A_PREACCEPTED,3.0,13.000000357627867,complete,1.0,E,1.0,1641130659.00386,1641134556.9964466,130.38333272212185,20.81666677125419,817.650028567513,7.000000000000001,W_Complete_preaccepted_appl,4.0,14.99999976158142,complete,1.0,A,3.000000013504177,1641138631.0000947,1641141118.00269,263.25000438870234,132.86666750858228,950.5166625807682,7.000000000000001,W_Complete_preaccepted_appl,5.0,17.999999523162842,complete,1.0,A,4.9999999683350325,1641147843.0006058,1641148490.0024357,416.7833382479381,153.5333376027023,1104.0500134090582,7.000000000000001,W_Complete_preaccepted_appl,6.0,18.99999988079071,complete,1.0,A,3.000000013504177,1641153172.9998953,1641155974.9983788,505.61667009526866,88.83333602035418,1192.8833686431249,7.000000000000001,W_Complete_preaccepted_appl,7.0,21.000000596046448,complete,1.0,A,3.000000013504177,1641160772.0024183,1641162073.9978008,632.2666753950683,126.64999476938198,1319.5333579401176,7.000000000000001,W_Complete_preaccepted_appl,8.0,23.0,complete,1.0,A,4.0000000754371285,1641166460.9956686,1641167495.9998538,727.0833282915254,94.81666960446162,1414.3499585986137,7.000000000000001,W_Complete_preaccepted_appl,9.0,1.0,complete,1.0,A,3.999999912455678,1641170757.995378,1641170890.9967797,798.7000148234889,71.6166671185754,45.96666459242503,1.0,A_ACCEPTED,10.0,1.0,complete,1.0,E,1.0,1641170891.998145,1641171342.0044255,800.9333156680223,2.2333333753214295,48.19999802509943,1.0,A_FINALIZED,11.0,1.0,complete,1.0,E,1.0,1641171343.0036654,1641172460.9952211,808.449994736351,7.516666746814737,55.71666416445127,1.0,O_SELECTED,12.0,1.0,complete,1.0,C,1.0,1641173160.0045526,1641173274.0010102,838.7333175333217,30.283333769937354,85.9999973287185,1.0,O_CREATED,13.0,1.0,complete,1.0,C,1.0,1641173274.9981828,1641173665.9966881,840.6500013038516,1.91666667638201,87.91666837626447,1.0,O_SENT,14.0,1.0,complete,1.0,C,1.0,1641173666.996688,1641175568.004897,847.1833445939623,6.533333073787313,94.45000182228782,1.0,W_Call_after_offer,15.0,2.0000000298023224,complete,1.0,A,1.0,1641177084.0042572,1641177260.0012517,904.1333366212746,56.95000151395797,151.40000388200085,1.0,W_Call_after_offer,16.0,2.0000000298023224,complete,1.0,A,1.0,1641177941.0043795,1641181153.9964738,918.4166644855712,14.283332830659734,165.68333673290908,1.0,W_Call_after_offer,17.0,4.000000089406967,complete,1.0,A,1.9999999920837581,1641184844.0020413,1641185314.0012271,1033.4666504682973,115.0500021742036,280.73334317604696,1.0,W_Call_after_offer,18.0,4.000000089406967,complete,1.0,A,1.0,1641185315.004128,1641185584.9975502,1041.3166487264139,7.850000108871607,288.5833250751098,1.0,W_Call_after_offer,19.0,4.000000089406967,complete,1.0,A,1.0,1641185585.9975502,1641186199.9993098,1045.833316590637,4.516666644516711,293.09999122669296,1.0,deviant,4
15999.999701976776,A_SUBMITTED,0.0,1.0,complete,5.000000178813934,E,1.0,1652748921.6737044,1652752412.635632,0.0,0.0,55.36666568884006,2.0000000298023224,A_PARTLYSUBMITTED,1.0,1.0,complete,5.000000178813934,D,1.0,1652752413.635632,1652755030.9882963,58.20000217507283,58.20000217507283,113.56666933894157,2.0000000298023224,W_Assess_fraud,2.0,2.0000000298023224,complete,5.000000178813934,A,201.00000596046448,1653015372.9097595,1653015934.93202,4440.8498721420765,4382.650112777948,176.21666462682188,5.0000001192092896,A_PREACCEPTED,3.0,3.000000059604645,complete,5.000000178813934,E,3.000000024214387,1653018374.7354372,1653022532.230619,4490.88323027889,50.03333342770735,226.249996936818,5.0000001192092896,W_Complete_preaccepted_appl,4.0,17.000000476837158,complete,5.000000178813934,A,209.99999737739563,1653326920.0322773,1653328063.067927,9633.300267307955,5142.416653283437,1048.6666374782722,1.0,W_Complete_preaccepted_appl,5.0,4.000000089406967,complete,5.000000178813934,A,223.00000321865085,1653626208.0818396,1653626966.3249123,14621.43295569817,4988.133295414845,276.7999939660231,5.0000001192092896,W_Complete_preaccepted_appl,6.0,11.000000298023222,complete,5.0,A,227.99999660253525,1653910751.693415,1653911076.986865,19363.833057597283,4742.399909428756,699.2000080545744,1.0,W_Complete_preaccepted_appl,7.0,2.0000000298023224,complete,6.0,A,232.99999183416367,1654222450.4420154,1654225771.0310886,24558.799346588054,5194.966767334939,134.16666306108237,5.0000001192092896,W_Complete_preaccepted_appl,8.0,16.00000011920929,complete,6.0,A,240.00000202655792,1654532947.0157232,1654534046.6396625,29733.7495440801,5174.950170230864,989.1166961729526,1.0,W_Complete_preaccepted_appl,9.0,1.0,complete,6.0,A,248.00000512599948,1654822417.5350876,1654825119.7909513,34558.26724228262,4824.5168421000235,53.63333436350028,5.0000001192092896,A_ACCEPTED,10.0,3.000000059604645,complete,6.0,D,5.9999997690320015,1654832634.396286,1654834129.5768907,34728.532562056185,170.26666336183746,223.89999176065126,5.0000001192092896,A_FINALIZED,11.0,6.000000149011612,complete,6.0,D,5.000000027008355,1654842214.8124232,1654846327.5270498,34888.21716826657,159.6833302055796,383.58333654254676,5.0000001192092896,O_SELECTED,12.0,7.000000178813934,complete,6.0,C,5.999999841675162,1654846754.8132992,1654847384.4993563,34963.88457323313,75.66666581785928,459.2499865343173,5.0000001192092896,O_CREATED,13.0,11.000000298023222,complete,6.0,C,3.999999912455678,1654860647.4471295,1654861171.5615997,35195.43506050109,231.54999164293204,690.7999819934367,5.0000001192092896,O_SENT,14.0,13.000000357627867,complete,6.0,C,3.000000013504177,1654867396.0067062,1654868031.4853907,35307.90019810001,112.46666210672508,803.2666674524545,5.0000001192092896,O_SELECTED,15.0,13.000000357627867,complete,6.0,C,1.9999999920837581,1654868647.8177013,1654869841.125548,35328.76642555594,20.866666519766053,824.1333197573822,5.0000001192092896,O_CREATED,16.0,13.99999940395355,complete,6.0,C,1.9999999920837581,1654871733.8079457,1654872619.8293228,35380.20007076065,51.433335728182776,875.566670798262,5.0000001192092896,O_SENT,17.0,13.99999940395355,complete,6.0,C,1.0,1654873059.8814683,1654880338.570624,35402.29974404772,22.100000524893403,897.6666526635488,5.0000001192092896,W_Call_after_offer,18.0,17.999999523162842,complete,6.0,A,241.00000196695328,1655145988.4817283,1655147266.5707679,39951.09949395657,4548.800050106644,1126.466629504164,1.0,W_Call_after_offer,19.0,6.000000149011612,complete,6.0,A,235.00000232458115,1655447974.5922523,1655449032.6705205,44984.20064253807,5033.10007110536,399.56665704449017,5.0000001192092896,deviant,5
10000.000059604645,A_SUBMITTED,0.0,9.999999940395355,complete,6.0000001192092896,E,3.000000014901161,1654683758.9017894,1654687388.1872628,0.0,0.0,622.6499962752065,3.0000000596046448,A_PARTLYSUBMITTED,1.0,11.000000298023222,complete,6.0000001192092896,D,1.0,1654688499.3479598,1654692179.0389268,79.00000063280265,79.00000063280265,701.6500174045563,3.0000000596046448,W_Assess_fraud,2.0,21.99999964237213,complete,6.0000001192092896,A,239.00000250339508,1654988351.9544678,1654988665.5276532,5076.550063253442,4997.550172193844,1379.2000112195808,5.9999998807907104,A_PREACCEPTED,3.0,23.0,complete,6.0000001192092896,D,1.0,1654988667.5661688,1654989901.4092307,5081.800032575925,5.250000125368629,1384.4499935766064,5.9999998807907104,W_Complete_preaccepted_appl,4.0,5.0000001192092896,complete,6.0000001192092896,A,241.00000059604645,1655269832.5124009,1655270392.4935675,9767.883077922463,4686.083287588755,310.53334026286996,3.0000000596046448,W_Complete_preaccepted_appl,5.0,13.99999940395355,complete,6.0000001192092896,A,241.9999935626984,1655563559.445033,1655565612.9963148,14663.33313451906,4895.449864296118,885.9833509246508,5.9999998807907104,W_Complete_preaccepted_appl,6.0,23.0,complete,6.0,A,237.0000044107437,1655855579.5094676,1655856197.731803,19530.349811211232,4867.016565306982,1432.999990351995,2.0000000298023224,W_Complete_preaccepted_appl,7.0,6.000000149011612,complete,6.0,A,235.00000631809235,1656139985.6663747,1656143005.6262128,24270.44932427704,4740.099913005034,413.0999913722277,5.9999998807907104,W_Complete_preaccepted_appl,8.0,11.000000298023222,complete,6.0,A,225.0000029206276,1656414923.6125014,1656415800.4983585,28852.74981781443,4582.300161913036,675.3999950796366,2.0000000298023224,A_ACCEPTED,9.0,11.000000298023222,complete,6.0,D,1.0,1656415801.7576356,1656418328.5241835,28867.3833971858,14.633332955899336,690.0333121816317,2.0000000298023224,A_FINALIZED,10.0,11.999999999999998,complete,6.0,E,1.0,1656418330.242279,1656423074.3971684,28909.517796111108,42.133334157103675,732.1666831413904,2.0000000298023224,O_SELECTED,11.0,21.000000596046448,complete,6.0,C,17.00000010803342,1656451386.2145252,1656452951.385737,29460.45034367839,550.9333486979208,1283.0999739458164,2.0000000298023224,O_CREATED,12.0,7.000000178813934,complete,6.0,C,14.999999966472387,1656486338.719928,1656486618.072291,30042.999211323262,582.5499917532006,425.6499952485164,3.0000000596046448,O_SENT,13.0,17.999999523162842,complete,6.0,C,14.000000216066839,1656528534.0481186,1656530428.772049,30746.249330933886,703.2499820762623,1128.899964510401,3.0000000596046448,O_SELECTED,14.0,1.0,complete,6.0,C,14.999999966472387,1656553790.3924942,1656554591.4842505,31167.182447304822,420.9333223967502,109.83333713735142,4.0,O_CREATED,15.0,9.000000238418579,complete,6.0,C,12.00000010430813,1656582682.3379593,1656584214.4307227,31648.716370334227,481.5333409905433,591.3666743005316,4.0,O_SENT,16.0,16.00000011920929,complete,6.0,C,6.999999824911356,1656605422.9089732,1656608887.637477,32027.733793038133,379.01665275320414,970.3833600699902,4.0,W_Call_after_offer,17.0,5.0000001192092896,complete,7.0,A,235.99999833106997,1656913401.0249212,1656914563.1679842,37160.699889565,5132.966669464111,343.35000987251595,1.0,W_Call_after_offer,18.0,20.00000023841858,complete,7.0,A,242.00000190734863,1657226709.388409,1657226843.5662208,42382.5165807883,5221.816586223244,1245.1666614433132,4.0,O_SENT_BACK,19.0,21.000000596046448,complete,7.0,C,1.0,1657227669.4816117,1657227760.8031778,42398.499250811336,15.983333210879936,1261.1500350823003,4.0,deviant,6
17000.000715255737,A_SUBMITTED,0.0,7.9999998807907104,complete,1.0,E,1.0,1641283763.9992716,1643358333.0220385,0.0,0.0,444.2666517232855,5.0000001192092896,A_PARTLYSUBMITTED,1.0,7.9999998807907104,complete,1.0,E,1.0,1643359406.06563,1641288616.994686,79.16666568319003,0.016666666666666666,559.2000122706095,5.0000001192092896,W_Fix_incomplete_submission,2.0,11.000000298023222,complete,1.0,A,5.000000027008355,1643403243.072033,1643403641.9401412,230.2833381171649,730.6166614676514,719.6833600004513,1.0,A_PREACCEPTED,3.0,21.000000596046448,complete,1.0,E,1.0,1641019848.0,1641301463.0085328,258.63333351165056,29.916667912892684,1.0833333333333333,2.0000000298023224,W_Complete_preaccepted_appl,4.0,14.99999976158142,complete,1.0,A,5.999999841675162,1641310702.0064337,1641312099.9985778,1950.2667087906348,0.4166666666666667,954.5332904527585,2.0000000298023224,A_DECLINED,5.0,17.999999523162842,complete,1.0,A,6.999999824911356,1643535676.9894638,1641323698.0065389,645.6833449085864,1066.7500443240008,1135.0833271096149,2.0000000298023224,W_Complete_preaccepted_appl,6.0,21.000000596046448,complete,1.0,A,5.999999841675162,1643595792.0190628,1641332051.9923115,178.75,133.15000426551947,1268.233334048589,1.0,A_ACCEPTED,7.0,2.0000000298023224,complete,1.0,D,5.000000027008355,1641342756.9949088,1641029667.0,4037.883467523008,204.38332429925603,32.616667054904006,1.0,A_DECLINED,8.0,2.0000000298023224,complete,1.0,D,1.0,1641031477.0,1641033557.0,4038.233252852907,0.03333333333333333,162.4999996557832,1.0,0,9.0,3.000000059604645,complete,1.0,A,1.0,1643600203.9563987,1641349069.0038455,1034.1833543123678,54.23333595514607,83.58333171407382,1.0,W_Call_after_offer,10.0,2.0000000298023224,complete,1.0,D,1.0,1643604376.9551754,1641350804.0019226,1088.4333352299407,0.05,286.2833241427938,1.0,O_CREATED,11.0,2.0000000298023224,complete,1.0,C,1.0,1643606522.0454044,1641351606.9978192,1117.3499960050297,35.74999901652336,166.7499963057538,1.0,O_SELECTED,12.0,3.000000059604645,complete,1.0,C,1.0,1641351607.997968,1641355359.006633,4340.549877871574,0.06666666666666667,180.13333500300845,1.0,O_SELECTED,13.0,7.9999998807907104,complete,1.0,0,1.0,1643618154.079946,1643618731.9939852,1199.4166581317784,68.6833337497742,248.81667660598953,1.0,O_CREATED,14.0,7.9999998807907104,complete,1.0,C,1.0,1641360792.9970162,1643618874.0184305,4401.2833621528625,84.39999901286015,525.5499920566875,1.0,A_ACCEPTED,15.0,1.0,complete,1.0,C,47.99999803304672,1641363436.0029821,1641053017.0,428.85,44.04999993145466,38.81666700054582,3.0000000596046448,W_Call_after_offer,16.0,1.0,0,1.0,C,1.0,1641373579.0002244,1643677002.0269938,1496.9166494789843,2.0000000271572693,546.3166608865062,2.0000000298023224,W_Assess_application,17.0,16.00000011920929,complete,1.0,A,7.9999998807907104,1641386702.0101383,1643734232.9814968,447.34999999999997,218.71667441440124,0.5833333333333334,1.0,W_Assess_application,18.0,13.000000357627867,complete,1.0,A,1.0,1643794444.945571,1641388063.0059829,1731.700032299012,16.066667082901887,574.0833429008723,3.0000000596046448,W_Assess_application,19.0,1.0,complete,1.0,A,47.000001326203346,1641404095.0035713,1641058043.9999998,8416.083601430431,1086.2666320346293,1054.916654105981,3.0000000596046448,deviant,7
2000.0,A_SUBMITTED,0.0,7.000000178813934,complete,1.0,E,1.0,1643354656.03867,1643358333.0220385,0.0,0.0,444.2666517232855,1.0,A_PARTLYSUBMITTED,1.0,7.9999998807907104,complete,1.0,D,1.0,1641017484.9999998,1641019652.0,79.16666568319003,0.016666666666666666,523.4333517392477,1.0,A_PREACCEPTED,2.0,20.00000023841858,complete,1.0,A,1.0,1643403243.072033,1643403641.9401412,809.7833116161328,28.033333333333335,1254.0500387082495,1.0,A_PREACCEPTED,3.0,1.0,complete,1.0,E,1.0,1643405038.02019,1641021651.0,99.0,0.06666666666666667,1283.966682692369,1.0,W_Complete_preaccepted_appl,4.0,1.0,complete,1.0,A,45.999998062849045,1641021652.0,1641022049.0,1950.2667087906348,1110.5666674574218,0.5166666666666667,5.9999998807907104,A_CANCELLED,5.0,1.0,complete,1.0,A,1.0,1643535676.9894638,1643536064.0522425,161.33333333333334,1066.7500443240008,0.4666666666666666,7.000000000000001,W_Complete_preaccepted_appl,6.0,2.0000000298023224,complete,1.0,A,47.00000120699406,1643595792.0190628,1643596928.0326335,4018.9333961933853,1001.9166282797854,143.19999942978222,1.0,A_ACCEPTED,7.0,2.0000000298023224,complete,1.0,E,1.0,1641025793.0,1643596948.954066,4037.883467523008,0.31666666666666665,162.15000111907722,1.0,0,8.0,1.0,complete,1.0,D,1.0,1643596950.0500388,1643599824.9404755,4038.233252852907,0.3500000043689093,1.4,1.0,W_Complete_preaccepted_appl,9.0,3.000000059604645,0,1.0,C,1.0,1643600203.9563987,1643601379.0451567,4092.466646258533,0.03333333333333333,216.73333300153413,1.0,O_CREATED,10.0,1.0,0,1.0,C,1.0,1641035722.0,1641037217.0,4162.016553064063,0.05,286.2833241427938,1.0,O_SENT,11.0,1.0,0,1.0,A,1.0,1643606522.0454044,1643615087.9473464,4197.7666171571855,35.74999901652336,6.666666666666667,1.0,O_SELECTED,12.0,7.000000178813934,0,1.0,C,1.0,1641048964.0,1641049103.0,4340.549877871574,0.06666666666666667,464.8166556706031,1.0,O_CREATED,13.0,7.9999998807907104,0,1.0,C,1.0,1643618154.079946,1643618731.9939852,4391.633129044373,0.1,515.9000115528703,1.0,O_SENT,14.0,7.9999998807907104,complete,1.0,E,1.0,1643618732.9939852,1643618874.0184305,403.96666666666664,0.16666666666666666,0.8833333333333333,1.0,W_Call_after_offer,15.0,1.0,complete,2.0,A,1.0,1641052538.0,1643676048.0000033,428.85,0.05,0.11666666666666667,1.0,O_SENT_BACK,16.0,1.0,complete,2.0,0,1.0,1643676048.9262888,1643677002.0269938,5356.550058759252,2.0000000271572693,40.81666681350519,1.0,W_Assess_application,17.0,1.0,complete,2.0,A,46.00000098347664,1641054264.9999998,1641054793.0000002,6292.966897021232,0.1,977.233353861173,2.0000000298023224,W_Assess_application,18.0,1.0,complete,2.0,A,1.0,1643794444.945571,1643796108.9338858,535.8333333333334,1036.850017266472,574.0833429008723,1.0,A_DECLINED,19.0,3.000000059604645,complete,2.0,A,1.0,1643859620.9106584,1641058043.9999998,8416.083601430431,1086.2666320346293,0.9833333333333333,4.0,deviant,8
2000.0,A_SUBMITTED,0.0,7.000000178813934,complete,1.0,E,1.0,1643354656.03867,1643358333.0220385,0.0,0.0,444.2666517232855,1.0,A_PARTLYSUBMITTED,1.0,7.9999998807907104,complete,1.0,D,1.0,1641017484.9999998,1641019652.0,79.16666568319003,0.016666666666666666,523.4333517392477,1.0,A_PREACCEPTED,2.0,20.00000023841858,complete,1.0,A,1.0,1643403243.072033,1643403641.9401412,809.7833116161328,28.033333333333335,1254.0500387082495,1.0,A_PREACCEPTED,3.0,1.0,complete,1.0,E,1.0,1643405038.02019,1641021651.0,99.0,0.06666666666666667,1283.966682692369,1.0,W_Complete_preaccepted_appl,4.0,1.0,complete,1.0,A,45.999998062849045,1641021652.0,1641022049.0,1950.2667087906348,1110.5666674574218,0.5166666666666667,5.9999998807907104,A_CANCELLED,5.0,1.0,complete,1.0,A,1.0,1643535676.9894638,1643536064.0522425,161.33333333333334,1066.7500443240008,0.4666666666666666,7.000000000000001,W_Complete_preaccepted_appl,6.0,2.0000000298023224,complete,1.0,A,47.00000120699406,1643595792.0190628,1643596928.0326335,4018.9333961933853,1001.9166282797854,143.19999942978222,1.0,A_ACCEPTED,7.0,2.0000000298023224,complete,1.0,E,1.0,1641025793.0,1643596948.954066,4037.883467523008,0.31666666666666665,162.15000111907722,1.0,0,8.0,1.0,complete,1.0,D,1.0,1643596950.0500388,1643599824.9404755,4038.233252852907,0.3500000043689093,1.4,1.0,W_Complete_preaccepted_appl,9.0,3.000000059604645,0,1.0,C,1.0,1643600203.9563987,1643601379.0451567,4092.466646258533,0.03333333333333333,216.73333300153413,1.0,O_CREATED,10.0,1.0,0,1.0,C,1.0,1641035722.0,1641037217.0,4162.016553064063,0.05,286.2833241427938,1.0,O_SENT,11.0,1.0,0,1.0,A,1.0,1643606522.0454044,1643615087.9473464,4197.7666171571855,35.74999901652336,6.666666666666667,1.0,O_SELECTED,12.0,7.000000178813934,0,1.0,C,1.0,1641048964.0,1641049103.0,4340.549877871574,0.06666666666666667,464.8166556706031,1.0,O_CREATED,13.0,7.9999998807907104,0,1.0,C,1.0,1643618154.079946,1643618731.9939852,4391.633129044373,0.1,515.9000115528703,1.0,O_SENT,14.0,7.9999998807907104,complete,1.0,E,1.0,1643618732.9939852,1643618874.0184305,403.96666666666664,0.16666666666666666,0.8833333333333333,1.0,W_Call_after_offer,15.0,1.0,complete,2.0,A,1.0,1641052538.0,1643676048.0000033,428.85,0.05,0.11666666666666667,1.0,O_SENT_BACK,16.0,1.0,complete,2.0,0,1.0,1643676048.9262888,1643677002.0269938,5356.550058759252,2.0000000271572693,40.81666681350519,1.0,W_Assess_application,17.0,1.0,complete,2.0,A,46.00000098347664,1641054264.9999998,1641054793.0000002,6292.966897021232,0.1,977.233353861173,2.0000000298023224,W_Assess_application,18.0,1.0,complete,2.0,A,1.0,1643794444.945571,1643796108.9338858,535.8333333333334,1036.850017266472,574.0833429008723,1.0,A_DECLINED,19.0,3.000000059604645,complete,2.0,A,1.0,1643859620.9106584,1641058043.9999998,8416.083601430431,1086.2666320346293,0.9833333333333333,4.0,deviant,9
2000.0,A_SUBMITTED,0.0,7.000000178813934,complete,1.0,E,1.0,1643354656.03867,1643358333.0220385,0.0,0.0,444.2666517232855,1.0,A_PARTLYSUBMITTED,1.0,7.9999998807907104,complete,1.0,D,1.0,1641017484.9999998,1641019652.0,79.16666568319003,0.016666666666666666,523.4333517392477,1.0,A_PREACCEPTED,2.0,20.00000023841858,complete,1.0,A,1.0,1643403243.072033,1643403641.9401412,809.7833116161328,28.033333333333335,1254.0500387082495,1.0,A_PREACCEPTED,3.0,1.0,complete,1.0,E,1.0,1643405038.02019,1641021651.0,99.0,0.06666666666666667,1283.966682692369,1.0,W_Complete_preaccepted_appl,4.0,1.0,complete,1.0,A,45.999998062849045,1641021652.0,1641022049.0,1950.2667087906348,1110.5666674574218,0.5166666666666667,5.9999998807907104,A_CANCELLED,5.0,1.0,complete,1.0,A,1.0,1643535676.9894638,1643536064.0522425,161.33333333333334,1066.7500443240008,0.4666666666666666,7.000000000000001,W_Complete_preaccepted_appl,6.0,2.0000000298023224,complete,1.0,A,47.00000120699406,1643595792.0190628,1643596928.0326335,4018.9333961933853,1001.9166282797854,143.19999942978222,1.0,A_ACCEPTED,7.0,2.0000000298023224,complete,1.0,E,1.0,1641025793.0,1643596948.954066,4037.883467523008,0.31666666666666665,162.15000111907722,1.0,0,8.0,1.0,complete,1.0,D,1.0,1643596950.0500388,1643599824.9404755,4038.233252852907,0.3500000043689093,1.4,1.0,W_Complete_preaccepted_appl,9.0,3.000000059604645,0,1.0,C,1.0,1643600203.9563987,1643601379.0451567,4092.466646258533,0.03333333333333333,216.73333300153413,1.0,O_CREATED,10.0,1.0,0,1.0,C,1.0,1641035722.0,1641037217.0,4162.016553064063,0.05,286.2833241427938,1.0,O_SENT,11.0,1.0,0,1.0,A,1.0,1643606522.0454044,1643615087.9473464,4197.7666171571855,35.74999901652336,6.666666666666667,1.0,O_SELECTED,12.0,7.000000178813934,0,1.0,C,1.0,1641048964.0,1641049103.0,4340.549877871574,0.06666666666666667,464.8166556706031,1.0,O_CREATED,13.0,7.9999998807907104,0,1.0,C,1.0,1643618154.079946,1643618731.9939852,4391.633129044373,0.1,515.9000115528703,1.0,O_SENT,14.0,7.9999998807907104,complete,1.0,E,1.0,1643618732.9939852,1643618874.0184305,403.96666666666664,0.16666666666666666,0.8833333333333333,1.0,W_Call_after_offer,15.0,1.0,complete,2.0,A,1.0,1641052538.0,1643676048.0000033,428.85,0.05,0.11666666666666667,1.0,O_SENT_BACK,16.0,1.0,complete,2.0,0,1.0,1643676048.9262888,1643677002.0269938,5356.550058759252,2.0000000271572693,40.81666681350519,1.0,W_Assess_application,17.0,1.0,complete,2.0,A,46.00000098347664,1641054264.9999998,1641054793.0000002,6292.966897021232,0.1,977.233353861173,2.0000000298023224,W_Assess_application,18.0,1.0,complete,2.0,A,1.0,1643794444.945571,1643796108.9338858,535.8333333333334,1036.850017266472,574.0833429008723,1.0,A_DECLINED,19.0,3.000000059604645,complete,2.0,A,1.0,1643859620.9106584,1641058043.9999998,8416.083601430431,1086.2666320346293,0.9833333333333333,4.0,deviant,10
2000.0,A_SUBMITTED,0.0,7.000000178813934,complete,1.0,E,1.0,1643354656.03867,1643358333.0220385,0.0,0.0,444.2666517232855,1.0,A_PARTLYSUBMITTED,1.0,7.9999998807907104,complete,1.0,D,1.0,1641017484.9999998,1641019652.0,79.16666568319003,0.016666666666666666,523.4333517392477,1.0,A_PREACCEPTED,2.0,20.00000023841858,complete,1.0,A,1.0,1643403243.072033,1643403641.9401412,809.7833116161328,28.033333333333335,1254.0500387082495,1.0,A_PREACCEPTED,3.0,1.0,complete,1.0,E,1.0,1643405038.02019,1641021651.0,99.0,0.06666666666666667,1283.966682692369,1.0,W_Complete_preaccepted_appl,4.0,1.0,complete,1.0,A,45.999998062849045,1641021652.0,1641022049.0,1950.2667087906348,1110.5666674574218,0.5166666666666667,5.9999998807907104,A_CANCELLED,5.0,1.0,complete,1.0,A,1.0,1643535676.9894638,1643536064.0522425,161.33333333333334,1066.7500443240008,0.4666666666666666,7.000000000000001,W_Complete_preaccepted_appl,6.0,2.0000000298023224,complete,1.0,A,47.00000120699406,1643595792.0190628,1643596928.0326335,4018.9333961933853,1001.9166282797854,143.19999942978222,1.0,A_ACCEPTED,7.0,2.0000000298023224,complete,1.0,E,1.0,1641025793.0,1643596948.954066,4037.883467523008,0.31666666666666665,162.15000111907722,1.0,0,8.0,1.0,complete,1.0,D,1.0,1643596950.0500388,1643599824.9404755,4038.233252852907,0.3500000043689093,1.4,1.0,W_Complete_preaccepted_appl,9.0,3.000000059604645,0,1.0,C,1.0,1643600203.9563987,1643601379.0451567,4092.466646258533,0.03333333333333333,216.73333300153413,1.0,O_CREATED,10.0,1.0,0,1.0,C,1.0,1641035722.0,1641037217.0,4162.016553064063,0.05,286.2833241427938,1.0,O_SENT,11.0,1.0,0,1.0,A,1.0,1643606522.0454044,1643615087.9473464,4197.7666171571855,35.74999901652336,6.666666666666667,1.0,O_SELECTED,12.0,7.000000178813934,0,1.0,C,1.0,1641048964.0,1641049103.0,4340.549877871574,0.06666666666666667,464.8166556706031,1.0,O_CREATED,13.0,7.9999998807907104,0,1.0,C,1.0,1643618154.079946,1643618731.9939852,4391.633129044373,0.1,515.9000115528703,1.0,O_SENT,14.0,7.9999998807907104,complete,1.0,E,1.0,1643618732.9939852,1643618874.0184305,403.96666666666664,0.16666666666666666,0.8833333333333333,1.0,W_Call_after_offer,15.0,1.0,complete,2.0,A,1.0,1641052538.0,1643676048.0000033,428.85,0.05,0.11666666666666667,1.0,O_SENT_BACK,16.0,1.0,complete,2.0,0,1.0,1643676048.9262888,1643677002.0269938,5356.550058759252,2.0000000271572693,40.81666681350519,1.0,W_Assess_application,17.0,1.0,complete,2.0,A,46.00000098347664,1641054264.9999998,1641054793.0000002,6292.966897021232,0.1,977.233353861173,2.0000000298023224,W_Assess_application,18.0,1.0,complete,2.0,A,1.0,1643794444.945571,1643796108.9338858,535.8333333333334,1036.850017266472,574.0833429008723,1.0,A_DECLINED,19.0,3.000000059604645,complete,2.0,A,1.0,1643859620.9106584,1641058043.9999998,8416.083601430431,1086.2666320346293,0.9833333333333333,4.0,deviant,11
10000.000059604645,A_SUBMITTED,0.0,20.00000023841858,complete,4.000000029802322,E,1.0,1650659685.0235622,1650662563.710941,0.0,0.0,1234.750023391843,5.0000001192092896,A_PARTLYSUBMITTED,1.0,21.000000596046448,complete,4.000000029802322,E,1.0,1650664440.7872267,1650668978.9390054,79.26666296521823,79.26666296521823,1314.0166841189066,5.0000001192092896,W_Assess_fraud,2.0,17.999999523162842,complete,4.000000029802322,A,167.0000056028366,1650910975.170929,1650911723.937873,4188.166761423151,4108.899858911832,1102.9166873375573,1.0,A_PREACCEPTED,3.0,17.999999523162842,complete,4.000000029802322,E,1.0,1650913058.9469707,1650914148.0509646,4222.899996866782,34.733332884723005,1137.649963789185,1.0,W_Complete_preaccepted_appl,4.0,13.99999940395355,complete,4.000000029802322,A,176.99999606609344,1651157912.0236607,1651157990.866127,8303.783174878856,4080.883264462153,898.5332910547653,4.0,A_ACCEPTED,5.0,13.99999940395355,complete,4.000000029802322,E,1.0,1651157992.156992,1651159600.7737164,8305.116893383363,1.333333351345694,899.8666551599899,4.0,A_FINALIZED,6.0,14.99999976158142,complete,4.0,E,1.0,1651159602.0330172,1651162657.1123724,8331.949812909963,26.833332461832715,926.7000264962514,4.0,O_SELECTED,7.0,16.00000011920929,complete,4.0,C,2.0000000067520887,1651163319.1394126,1651169197.2167523,8393.899589850505,61.94999957264711,988.6499950865905,4.0,O_CREATED,8.0,17.999999523162842,complete,4.0,C,1.0,1651169198.306134,1651169546.21974,8491.88325770547,97.98333077083029,1086.6333673357963,4.0,O_SENT,9.0,17.999999523162842,complete,4.0,C,1.0,1651169547.046395,1651172117.0510154,8497.699973043798,5.816666623108903,1092.4499662915866,4.0,O_SELECTED,10.0,17.999999523162842,complete,4.0,C,1.0,1651172118.2269058,1651172257.7064338,8540.549953549356,42.84999921433628,1135.3000340859094,4.0,O_CREATED,11.0,17.999999523162842,complete,4.0,C,1.0,1651172259.2954934,1651172847.7619684,8542.900020134944,2.350000061822357,1137.650029278795,4.0,O_SENT,12.0,18.99999988079071,complete,4.0,C,1.0,1651172848.8323078,1651175151.2793663,8552.733617983262,9.833333068503999,1147.4833651145298,4.0,O_SELECTED,13.0,18.99999988079071,complete,4.0,C,1.0,1651175152.2232125,1651175202.9505348,8591.116829514503,38.38333250793317,1185.8666295170783,4.0,O_CREATED,14.0,18.99999988079071,complete,4.0,C,1.0,1651175203.9505348,1651177047.2377095,8591.983763297896,0.8666666533090998,1186.7333100299038,4.0,O_SENT,15.0,21.000000596046448,complete,4.0,C,1.0,1651181736.1369667,1651183473.2093325,8700.849817844728,108.86666218539078,1295.5999830255907,4.0,W_Call_after_offer,16.0,13.99999940395355,complete,5.0,A,181.9999922513962,1651416708.963797,1651417323.0083418,12617.066235851249,3916.216696956754,891.8166556845109,7.000000000000001,O_SENT_BACK,17.0,14.99999976158142,complete,5.0,C,1.0,1651417323.7411804,1651417896.0985029,12627.317115204283,10.249999880480269,902.0666474660238,7.000000000000001,W_Assess_application,18.0,13.99999940395355,complete,5.0,A,182.00000548362732,1651675865.2458513,1651676132.0603662,16936.333184413117,4309.0165814876555,891.083294393619,3.0000000596046448,W_Assess_application,19.0,9.000000238418579,complete,5.0,A,186.00000524520874,1651915630.1585076,1651916334.0446718,20932.41656153202,3996.083340399464,567.1666458641489,5.9999998807907104,deviant,12
15999.999701976776,A_SUBMITTED,0.0,9.000000238418579,complete,3.000000089406967,E,1.0,1646816458.7875154,1646821931.8087542,0.0,0.0,540.9833526963989,3.0000000596046448,A_PARTLYSUBMITTED,1.0,9.999999940395355,complete,3.000000089406967,D,1.0,1646822634.9973068,1646826187.281219,102.93333612779777,102.93333612779777,643.9166823466619,3.0000000596046448,W_Fix_incomplete_submission,2.0,5.0000001192092896,complete,3.000000089406967,A,109.00000354647636,1646975923.1042023,1646977053.155928,2657.7333226636056,2554.799911804,318.7166602606575,5.0000001192092896,A_PREACCEPTED,3.0,5.0000001192092896,complete,3.000000089406967,E,1.0,1646977053.7952123,1646979075.8909936,2676.5832706888514,18.85000064584116,337.5666693312427,5.0000001192092896,W_Complete_preaccepted_appl,4.0,21.99999964237213,complete,3.000000089406967,A,109.00000354647636,1647124601.1596966,1647125299.9169483,5135.700028487543,2459.1167107582096,1356.6833601097264,5.9999998807907104,W_Complete_preaccepted_appl,5.0,13.99999940395355,complete,3.000000089406967,A,114.99999922513962,1647267530.9416924,1647269663.2449017,7517.866658494373,2382.1666676561035,858.8500123689572,1.0,W_Complete_preaccepted_appl,6.0,9.000000238418579,complete,3.0,A,109.00000354647636,1647423526.0887876,1647425633.870624,10117.783202792705,2599.916737980644,578.7666759332021,3.0000000596046448,W_Complete_preaccepted_appl,7.0,7.9999998807907104,complete,3.0,A,119.00000220537186,1647591958.6908586,1647592359.701119,12925.000332687796,2807.2166194955507,505.98331953088444,5.0000001192092896,W_Complete_preaccepted_appl,8.0,7.000000178813934,complete,3.0,A,127.00000062584877,1647761453.2577815,1647762886.1897137,15749.899935807785,2824.8999589865402,450.88332668542864,7.000000000000001,W_Complete_preaccepted_appl,9.0,2.0000000298023224,complete,3.0,A,128.00000250339508,1647915379.8755355,1647919558.16124,18315.34981262982,2565.4500660330054,136.33333093176287,2.0000000298023224,A_ACCEPTED,10.0,3.000000059604645,complete,3.0,E,1.0,1647919558.9837646,1647919963.8862915,18385.000057063997,69.65000232687841,205.98333935389914,2.0000000298023224,A_FINALIZED,11.0,3.000000059604645,complete,3.0,E,1.0,1647919965.2356043,1647922581.1817055,18391.765942402184,6.766666409443134,212.75000771855315,2.0000000298023224,O_SELECTED,12.0,4.000000089406967,complete,3.0,C,1.0,1647922582.314027,1647922962.8802688,18435.383837840956,43.6166657121852,256.36665639181933,2.0000000298023224,O_CREATED,13.0,4.000000089406967,complete,3.0,C,1.0,1647922963.9362092,1647923533.81744,18441.75043234825,6.366666655321993,262.7333408348262,2.0000000298023224,O_SENT,14.0,4.000000089406967,complete,3.0,C,1.0,1647923534.81744,1647926707.9646008,18451.2660297061,9.516666392432914,272.249993336449,2.0000000298023224,O_SELECTED,15.0,5.0000001192092896,complete,3.0,C,1.9999999920837581,1647927949.7601798,1647928674.7782004,18524.849295816817,73.58333103110392,345.83333583200977,2.0000000298023224,O_CREATED,16.0,6.000000149011612,complete,3.0,C,1.0,1647930941.9533663,1647931683.9758449,18574.717099107307,49.86666483262865,395.7000113690892,2.0000000298023224,O_SENT,17.0,7.000000178813934,complete,3.0,C,1.0,1647933688.9136026,1647934262.0006413,18620.50000614971,45.78333452662143,441.4833499630292,2.0000000298023224,W_Call_after_offer,18.0,3.000000059604645,complete,3.0,A,128.00000056624413,1648092554.1576176,1648092618.1783123,21268.25034633478,2647.7499504730104,209.23333217451972,4.0,O_SENT_BACK,19.0,3.000000059604645,complete,3.0,C,1.0,1648093388.6988995,1648093616.212285,21282.166527260837,13.916667274773742,223.15000127305584,4.0,deviant,13
44000.00071525574,A_SUBMITTED,0.0,23.0,complete,6.0000001192092896,E,1.0,1654470874.6155138,1654472564.945393,0.0,0.0,1394.583347082138,7.000000000000001,A_PARTLYSUBMITTED,1.0,23.0,complete,6.0000001192092896,D,1.0,1654472565.9453928,1654475134.5311723,28.183333339045447,28.183333339045447,1422.7666330178579,7.000000000000001,W_Assess_fraud,2.0,6.000000149011612,complete,6.0000001192092896,A,249.9999920129776,1654754840.8206482,1654756531.1829462,4732.766583070159,4704.583342097202,367.35000932166975,4.0,A_PREACCEPTED,3.0,6.000000149011612,complete,6.0000001192092896,D,1.0,1654757205.523609,1654758238.6674743,4772.16660296917,39.40000006702418,406.7500129198035,4.0,W_Complete_preaccepted_appl,4.0,16.00000011920929,complete,6.0000001192092896,A,236.00000536441803,1655052852.8174286,1655053156.025848,9699.632861045002,4927.466641338667,1014.216685483853,7.000000000000001,W_Complete_preaccepted_appl,5.0,23.0,complete,6.0000001192092896,A,238.99999594688418,1655335567.5677176,1655335878.465533,14411.550442300239,4711.916616088151,1406.1333151588838,3.0000000596046448,W_Complete_preaccepted_appl,6.0,7.9999998807907104,complete,6.0,A,240.00000154972076,1655625734.0018442,1655626098.119048,19247.649473553898,4836.09983809193,482.23332231839504,7.000000000000001,W_Complete_preaccepted_appl,7.0,17.000000476837158,complete,6.0,A,243.9999977350235,1655920362.7345364,1655920622.5852876,24158.133727580305,4910.483174904188,1072.7166815121968,3.0000000596046448,A_ACCEPTED,8.0,17.999999523162842,complete,6.0,D,4.0000000754371285,1655923069.4425435,1655924559.5944884,24203.23424851497,45.1000010077531,1117.8166314601897,3.0000000596046448,A_FINALIZED,9.0,21.000000596046448,complete,6.0,D,6.999999824911356,1655932073.2702208,1655933954.871049,24353.29984414577,150.0666665327114,1267.8833107153575,3.0000000596046448,O_SELECTED,10.0,21.99999964237213,complete,6.0,C,3.999999912455678,1655935425.1686401,1655935731.7767591,24409.165572142603,55.86666644020006,1323.7499854664006,3.0000000596046448,O_CREATED,11.0,1.0,complete,6.0,C,5.000000027008355,1655948727.1335015,1655949506.5714693,24630.86722356826,221.70001086344328,105.44999762587248,4.0,O_SENT,12.0,7.9999998807907104,complete,6.0,C,5.000000027008355,1655972334.5023043,1655987176.5235348,25024.317010821902,393.45000597983596,498.8999948819478,4.0,O_SELECTED,13.0,13.99999940395355,complete,6.0,C,6.999999824911356,1655994156.5558012,1655996174.5014267,25388.03354069392,363.71666727351635,862.6166460871697,4.0,O_CREATED,14.0,17.999999523162842,complete,6.0,C,5.000000027008355,1656008210.4782715,1656010573.7910712,25622.26730581919,234.2333406901608,1096.8499883323907,4.0,O_SENT,15.0,23.0,complete,6.0,C,2.9999999841675162,1656028693.3782568,1656030300.9386828,25963.63380963206,341.3666678011418,1438.216675407688,4.0,O_SENT_BACK,16.0,2.0000000298023224,complete,6.0,C,4.9999999683350325,1656038069.3970273,1656039217.4952326,26119.899954909088,156.26666917102412,154.4833297587931,5.0000001192092896,W_Assess_application,17.0,6.000000149011612,complete,6.0,A,242.99999821186069,1656311499.4239519,1656312238.4778955,30677.083535358306,4557.183485720555,391.66665062109627,1.0,W_Assess_application,18.0,14.99999976158142,complete,6.0,A,217.00000339746475,1656602639.4193044,1656602712.3144512,35529.39921929042,4852.31659878989,923.9833413004876,4.0,W_Assess_application,19.0,3.000000059604645,complete,7.0,A,233.00000244379044,1656904721.7801204,1656906040.97848,40564.11618682444,5034.7168001810705,198.70000902538493,1.0,deviant,14
2000.0,A_SUBMITTED,0.0,11.000000298023222,complete,1.0,D,1.0,1641122835.99748,1642807605.021515,0.0,0.0,687.2666830013196,5.0000001192092896,A_PARTLYSUBMITTED,1.0,23.0,complete,1.0,E,1.0,1641125347.9959552,1642808639.0532038,43.499999629954495,41.86666552821795,1406.76665670077,7.000000000000001,W_Fix_incomplete_submission,2.0,1.0,complete,1.0,A,26.999999791383743,1641129409.998046,1642839390.9790418,61.333333333333336,67.69999876886916,0.05,5.9999998807907104,A_PREACCEPTED,3.0,1.0,complete,1.0,E,1.0,1642839392.0217645,1641134556.9964466,573.2666847035289,20.81666677125419,817.650028567513,1.0,W_Complete_preaccepted_appl,4.0,14.99999976158142,complete,1.0,A,26.00000074505806,1642879096.0139725,1641141118.00269,1234.9999832446374,132.86666750858228,950.5166625807682,5.9999998807907104,W_Complete_preaccepted_appl,5.0,5.0000001192092896,complete,1.0,0,30.000000089406967,1641147843.0006058,1642917724.9256935,1857.8832703718292,622.8833364183704,0.4666666666666666,7.000000000000001,A_ACCEPTED,6.0,6.000000149011612,0,1.0,E,1.0,1642917725.960837,1641025792.0,1878.8333414636554,20.94999955209593,1.6833333333333333,7.000000000000001,A_FINALIZED,7.0,21.000000596046448,complete,1.0,D,1.0,1642917859.940769,1642919992.0233233,632.2666753950683,0.31666666666666665,1319.5333579401176,1.0,W_Complete_preaccepted_appl,8.0,9.999999940395355,complete,1.0,C,4.0000000754371285,1642934329.0735404,1642935158.0691235,727.0833282915254,0.03333333333333333,638.8166809946299,7.000000000000001,O_CREATED,9.0,1.0,complete,1.0,C,3.999999912455678,1641170757.995378,1641035721.0,2249.499954137951,93.95000073481349,0.6666666666666666,1.0,A_DECLINED,10.0,1.0,complete,1.0,E,1.0,1641035722.0,1642942375.0230846,2276.000025360659,26.499999926409995,0.5666666666666667,7.000000000000001,W_Call_after_offer,11.0,20.00000023841858,complete,1.0,E,1.0,1642969274.9282126,1641172460.9952211,356.0833333333333,0.08333333333333333,1221.2500281055768,1.0,O_SELECTED,12.0,1.0,complete,1.0,C,1.0,1641173160.0045526,1642976859.9788086,2863.066760544479,30.283333769937354,1346.33329338034,1.0,A_DECLINED,13.0,1.0,complete,1.0,A,25.99999986588955,1643007516.9516757,1641173665.9966881,840.6500013038516,1.91666667638201,0.5333333333333333,1.0,O_SENT,14.0,1.0,complete,1.0,A,24.00000060349703,1641173666.996688,1641052537.0,847.1833445939623,6.533333073787313,0.8833333333333333,1.0,W_Call_missing_information,15.0,2.0000000298023224,complete,1.0,D,30.000000089406967,1643075178.9295547,1643075196.0053942,4503.050077134123,657.2666844288508,151.40000388200085,1.0,O_CANCELLED,16.0,2.0000000298023224,complete,1.0,A,1.0,1641177941.0043795,1643081472.0378716,918.4166644855712,14.283332830659734,0.36666666666666664,1.0,W_Call_after_offer,17.0,4.000000089406967,0,1.0,C,1.9999999920837581,1643084994.0591023,1643085489.9244256,1033.4666504682973,115.0500021742036,269.90000316699343,1.0,W_Call_after_offer,18.0,4.000000089406967,complete,1.0,C,1.0,1641185315.004128,1641185584.9975502,535.8333333333334,7.850000108871607,332.5333382368088,2.0000000298023224,W_Call_after_offer,19.0,5.0000001192092896,complete,1.0,A,1.0,1643089790.980181,1643090779.05918,1045.833316590637,17.316666791634635,349.8499971916278,1.0,deviant,15
23000.00035762787,A_SUBMITTED,0.0,16.00000011920929,complete,5.000000178813934,E,1.0,1652719191.4011312,1652722640.7939298,0.0,0.0,999.8500117450953,1.0,A_PARTLYSUBMITTED,1.0,17.000000476837158,complete,5.000000178813934,E,1.0,1652722641.7939298,1652724424.6978152,57.516668475667636,57.516668475667636,1057.3666400750478,1.0,W_Assess_fraud,2.0,17.999999523162842,complete,5.000000178813934,A,197.9999924302101,1652984003.934204,1652984794.6782155,4413.549929957589,4356.0333354751265,1093.3999838769435,4.0,A_PREACCEPTED,3.0,17.999999523162842,complete,5.000000178813934,D,1.0,1652984953.5531366,1652987628.9429526,4429.366751035054,15.81666602428692,1109.2166478594147,4.0,W_Complete_preaccepted_appl,4.0,6.000000149011612,complete,5.000000178813934,A,213.99999356269836,1653288397.0949335,1653289944.443271,9486.76693852643,5057.400167719523,406.6166748608152,1.0,A_ACCEPTED,5.0,7.000000178813934,complete,5.000000178813934,E,1.9999999920837581,1653291073.4050856,1653291683.0320277,9531.366476037103,44.599999364325775,451.2166641185681,1.0,A_FINALIZED,6.0,7.000000178813934,complete,5.0,E,1.0,1653292579.3970535,1653297869.1227255,9556.48331320137,25.116665618711462,476.33333623011913,1.0,O_SELECTED,7.0,9.999999940395355,complete,5.0,C,2.0000000067520887,1653300471.5699344,1653300588.2209125,9688.0163189287,131.5333278901875,607.8666560252508,1.0,O_CREATED,8.0,9.999999940395355,complete,5.0,C,1.0,1653300589.0371754,1653301478.9500337,9689.966718073687,1.9500000252946237,609.816685333848,1.0,O_SENT,9.0,9.999999940395355,complete,5.0,C,1.0,1653301480.266297,1653303297.3662474,9704.816919383406,14.850000047093875,624.6666545669237,1.0,W_Call_after_offer,10.0,21.99999964237213,complete,5.0,A,221.99999856948855,1653605253.5989838,1653606723.1645765,14767.700026458502,5062.883264340957,1367.5499771694342,4.0,O_SENT_BACK,11.0,1.0,complete,5.0,C,1.0,1653610037.0699458,1653610668.4887056,14847.433267014721,79.73333198577167,7.2833333405132485,5.0000001192092896,W_Assess_application,12.0,6.000000149011612,complete,5.0,A,230.9999937415123,1653890773.389312,1653893891.72635,19526.383126250905,4678.9500388642155,366.23331634302934,1.0,O_ACCEPTED,13.0,9.000000238418579,complete,5.0,C,6.999999824911356,1653901233.982479,1653904238.9024582,19700.716608572005,174.333337517331,540.5666767229636,1.0,A_APPROVED,14.0,9.000000238418579,complete,5.0,D,1.0,1653904239.9024582,1653908551.519717,19750.817352315287,50.09999953756729,590.6666608755786,1.0,A_REGISTERED,15.0,11.000000298023222,complete,5.0,E,1.0,1653908551.6300516,1653912584.3585567,19822.684093242882,71.86666402369737,662.5333287859958,1.0,A_ACTIVATED,16.0,11.999999999999998,complete,5.0,E,1.0,1653915239.2688425,1653919217.4637938,19934.132861306272,111.45000195574637,773.9833729853233,1.0,0,17.0,1.0,0,1.0,0,1.0,1641054264.9999998,1641054793.0000002,447.34999999999997,0.1,0.5833333333333334,1.0,0,18.0,1.0,0,1.0,0,1.0,1641054794.0,1641056186.0,535.8333333333334,0.03333333333333333,1.4,1.0,0,19.0,1.0,0,1.0,0,1.0,1641056187.0,1641058043.9999998,559.05,0.13333333333333333,0.9833333333333333,1.0,deviant,16
14000.000089406967,A_SUBMITTED,0.0,13.000000357627867,complete,5.000000178813934,E,1.0,1652017375.4131238,1652443641.4491801,0.0,0.0,650.0833353698254,5.0000001192092896,A_PARTLYSUBMITTED,1.0,11.999999999999998,complete,5.000000178813934,D,1.0,1652443642.4491801,1652022642.0163333,77.28333400587242,0.016666666666666666,866.799998585383,5.0000001192092896,W_Assess_fraud,2.0,2.0000000298023224,complete,1.0,A,183.00000673532486,1652688583.5688782,1652688898.05287,3653.366551100214,4082.3667158544063,156.29999568238853,1.0,A_PREACCEPTED,3.0,7.9999998807907104,complete,5.000000178813934,E,1.0,1641019848.0,1652243367.554927,3730.0167139967284,5.250000125368629,1.0833333333333333,3.0000000596046448,W_Complete_preaccepted_appl,4.0,6.000000149011612,complete,5.000000178813934,A,189.00000101327896,1652481375.4746745,1652482027.204446,8371.333547095457,0.4166666666666667,381.4166837091247,5.0000001192092896,A_DECLINED,5.0,21.99999964237213,complete,5.000000178813934,E,1.9999999920837581,1652944472.4687195,1652482667.8019428,7747.766470377147,53.11666801528384,1370.6999635199704,5.0000001192092896,A_FINALIZED,6.0,23.0,complete,5.0,A,1.0,1652944989.9026794,1652486162.9527826,178.75,49.216669016020994,1419.9166672905287,4.0,O_SELECTED,7.0,7.9999998807907104,complete,5.0,D,5.000000027008355,1652495983.5675414,1641029667.0,8480.333101367454,179.80000212596107,159.7166645795107,1.0,A_DECLINED,8.0,7.9999998807907104,complete,5.0,C,1.0,1641031477.0,1641033557.0,8480.849855471155,0.03333333333333333,490.93332630097865,1.0,0,9.0,7.9999998807907104,complete,5.0,A,1.9999999920837581,1652948194.8346992,1652513054.6296115,8227.11678238511,5.650000109398388,410.0499912897746,4.0,W_Call_after_offer,10.0,23.0,complete,5.0,D,198.0000013113022,1653243583.5770721,1652742691.0618253,12081.383365377784,0.05,1099.733293102185,7.000000000000001,O_SENT_BACK,11.0,1.0,complete,5.0,C,1.0,1653244081.589228,1652748143.960259,12179.399769674985,8.283333332665887,42.33333336077631,7.000000000000001,W_Assess_application,12.0,1.0,complete,5.0,A,1.0,1653009250.8261855,1653012720.1806939,18665.617422523104,0.06666666666666667,74.18333466251691,4.0,W_Assess_application,13.0,17.000000476837158,complete,5.0,0,213.00000572204593,1653844811.3679583,1653846414.4248657,21711.882574160893,5180.633169481157,934.8167062570651,7.000000000000001,W_Call_missing_information,14.0,4.000000089406967,complete,5.0,A,237.0000044107437,1653622593.80793,1654146065.5062022,28435.03344219724,5041.750048969189,285.1166621019442,4.0,A_ACCEPTED,15.0,6.000000149011612,complete,5.0,C,3.999999912455678,1653622737.8776324,1641053017.0,428.85,2.399999999518817,398.9666741097967,5.0000001192092896,O_SELECTED,16.0,1.0,0,5.0,D,1.0,1653623677.531545,1654160732.6026258,26771.701025799914,79.43333302036238,234.63334246501324,4.0,A_REGISTERED,17.0,9.999999940395355,complete,5.0,E,1.0,1653627262.771803,1654165487.2451003,447.34999999999997,59.75000106149042,0.5833333333333334,1.0,A_ACTIVATED,18.0,6.000000149011612,complete,5.0,E,2.000000003958121,1654165488.0733595,1653635128.583581,26949.21558805307,117.7666698735828,624.8000129242738,4.0,0,19.0,1.0,complete,5.0,A,1.0,1653924602.8058252,1641058043.9999998,559.05,0.13333333333333333,930.0500119050342,1.0,deviant,17
2000.0,A_SUBMITTED,0.0,7.000000178813934,complete,1.0,E,1.0,1643354656.03867,1643358333.0220385,0.0,0.0,444.2666517232855,1.0,A_PARTLYSUBMITTED,1.0,7.9999998807907104,complete,1.0,D,1.0,1641017484.9999998,1641019652.0,79.16666568319003,0.016666666666666666,523.4333517392477,1.0,A_PREACCEPTED,2.0,20.00000023841858,complete,1.0,A,1.0,1643403243.072033,1643403641.9401412,809.7833116161328,28.033333333333335,1254.0500387082495,1.0,A_PREACCEPTED,3.0,1.0,complete,1.0,E,1.0,1643405038.02019,1641021651.0,99.0,0.06666666666666667,1283.966682692369,1.0,W_Complete_preaccepted_appl,4.0,1.0,complete,1.0,A,45.999998062849045,1641021652.0,1641022049.0,1950.2667087906348,1110.5666674574218,0.5166666666666667,5.9999998807907104,A_CANCELLED,5.0,1.0,complete,1.0,A,1.0,1643535676.9894638,1643536064.0522425,161.33333333333334,1066.7500443240008,0.4666666666666666,7.000000000000001,W_Complete_preaccepted_appl,6.0,2.0000000298023224,complete,1.0,A,47.00000120699406,1643595792.0190628,1643596928.0326335,4018.9333961933853,1001.9166282797854,143.19999942978222,1.0,A_ACCEPTED,7.0,2.0000000298023224,complete,1.0,E,1.0,1641025793.0,1643596948.954066,4037.883467523008,0.31666666666666665,162.15000111907722,1.0,0,8.0,1.0,complete,1.0,D,1.0,1643596950.0500388,1643599824.9404755,4038.233252852907,0.3500000043689093,1.4,1.0,W_Complete_preaccepted_appl,9.0,3.000000059604645,0,1.0,C,1.0,1643600203.9563987,1643601379.0451567,4092.466646258533,0.03333333333333333,216.73333300153413,1.0,O_CREATED,10.0,1.0,0,1.0,C,1.0,1641035722.0,1641037217.0,4162.016553064063,0.05,286.2833241427938,1.0,O_SENT,11.0,1.0,0,1.0,A,1.0,1643606522.0454044,1643615087.9473464,4197.7666171571855,35.74999901652336,6.666666666666667,1.0,O_SELECTED,12.0,7.000000178813934,0,1.0,C,1.0,1641048964.0,1641049103.0,4340.549877871574,0.06666666666666667,464.8166556706031,1.0,O_CREATED,13.0,7.9999998807907104,0,1.0,C,1.0,1643618154.079946,1643618731.9939852,4391.633129044373,0.1,515.9000115528703,1.0,O_SENT,14.0,7.9999998807907104,complete,1.0,E,1.0,1643618732.9939852,1643618874.0184305,403.96666666666664,0.16666666666666666,0.8833333333333333,1.0,W_Call_after_offer,15.0,1.0,complete,2.0,A,1.0,1641052538.0,1643676048.0000033,428.85,0.05,0.11666666666666667,1.0,O_SENT_BACK,16.0,1.0,complete,2.0,0,1.0,1643676048.9262888,1643677002.0269938,5356.550058759252,2.0000000271572693,40.81666681350519,1.0,W_Assess_application,17.0,1.0,complete,2.0,A,46.00000098347664,1641054264.9999998,1641054793.0000002,6292.966897021232,0.1,977.233353861173,2.0000000298023224,W_Assess_application,18.0,1.0,complete,2.0,A,1.0,1643794444.945571,1643796108.9338858,535.8333333333334,1036.850017266472,574.0833429008723,1.0,A_DECLINED,19.0,3.000000059604645,complete,2.0,A,1.0,1643859620.9106584,1641058043.9999998,8416.083601430431,1086.2666320346293,0.9833333333333333,4.0,deviant,18
